SAMPLE.ID,LAKE.NO,DOY,TAXON,BIOMASS.UG.L,GROUP
E19003115zoo,C,115,Calanoida,27.67891781,Calanoid
E19004118zoo,D,118,Calanoida,24.7165268,Calanoid
E19003118zoo,C,118,Calanoida,33.28569897,Calanoid
E19006118zoo,F,118,Calanoida,36.77126598,Calanoid
E19001121zoo,A,121,Calanoida,5.377034826,Calanoid
E19001123zoo,A,123,Calanoida,7.331864684,Calanoid
E19003123zoo,C,123,Calanoida,100.9799993,Calanoid
E19001124zoo,A,124,Calanoida,4.792498729,Calanoid
E19005124zoo,E,124,Calanoida,13.2179124,Calanoid
E19004124zoo,D,124,Calanoida,30.91172624,Calanoid
E19003124zoo,C,124,Calanoida,51.3210044,Calanoid
E19001125zoo,A,125,Calanoida,7.820099548,Calanoid
E19004125zoo,D,125,Calanoida,24.48235111,Calanoid
E19005126zoo,E,126,Calanoida,3.76593041,Calanoid
E19001126zoo,A,126,Calanoida,8.363650522,Calanoid
E19003126zoo,C,126,Calanoida,109.9774665,Calanoid
E19005127zoo,E,127,Calanoida,10.12771105,Calanoid
E19005128zoo,E,128,Calanoida,5.165496407,Calanoid
E19003130zoo,C,130,Calanoida,6.521403856,Calanoid
E19004130zoo,D,130,Calanoida,147.7741868,Calanoid
E19006131zoo,F,131,Calanoida,166.2444723,Calanoid
E19006133zoo,F,133,Calanoida,13.82149563,Calanoid
E19005133zoo,E,133,Calanoida,20.48508951,Calanoid
E19004133zoo,D,133,Calanoida,93.56377817,Calanoid
E19005137zoo,E,137,Calanoida,44.24012123,Calanoid
E19004137zoo,D,137,Calanoida,138.2574015,Calanoid
E19005140zoo,E,140,Calanoida,33.5319212,Calanoid
E19002140zoo,B,140,Calanoida,367.1745067,Calanoid
E19005142zoo,E,142,Calanoida,2.38598718,Calanoid
E19003142zoo,C,142,Calanoida,75.1818834,Calanoid
E19004142zoo,D,142,Calanoida,355.8802132,Calanoid
E19001144zoo,A,144,Calanoida,111.0572547,Calanoid
E19003144zoo,C,144,Calanoida,121.725035,Calanoid
E19005144zoo,E,144,Calanoida,145.1358361,Calanoid
E19004144zoo,D,144,Calanoida,509.6272602,Calanoid
E19001147zoo,A,147,Calanoida,51.67791036,Calanoid
E19006147zoo,F,147,Calanoida,57.31866891,Calanoid
E19002147zoo,B,147,Calanoida,112.9376666,Calanoid
E19004147zoo,D,147,Calanoida,142.3902399,Calanoid
E19005147zoo,E,147,Calanoida,231.1693579,Calanoid
E19003147zoo,C,147,Calanoida,939.7951851,Calanoid
E19005149zoo,E,149,Calanoida,1.009841552,Calanoid
E19002149zoo,B,149,Calanoida,2.213933137,Calanoid
E19003149zoo,C,149,Calanoida,32.87200354,Calanoid
E19001149zoo,A,149,Calanoida,55.48471111,Calanoid
E19004149zoo,D,149,Calanoida,271.7987563,Calanoid
E19002151zoo,B,151,Calanoida,20.01217128,Calanoid
E19003151zoo,C,151,Calanoida,42.38285328,Calanoid
E19006151zoo,F,151,Calanoida,45.8743423,Calanoid
E19001151zoo,A,151,Calanoida,608.0683133,Calanoid
E19006154zoo,F,154,Calanoida,3.642171582,Calanoid
E19002154zoo,B,154,Calanoida,45.69871692,Calanoid
E19005154zoo,E,154,Calanoida,83.90961049,Calanoid
E19003154zoo,C,154,Calanoida,145.982747,Calanoid
E19001154zoo,A,154,Calanoida,202.740563,Calanoid
E19004154zoo,D,154,Calanoida,242.4357443,Calanoid
E19005161zoo,E,161,Calanoida,16.87609576,Calanoid
E19003161zoo,C,161,Calanoida,37.20977055,Calanoid
E19006161zoo,F,161,Calanoida,60.75471699,Calanoid
E19004161zoo,D,161,Calanoida,67.93767042,Calanoid
E19002161zoo,B,161,Calanoida,150.0666108,Calanoid
E19001161zoo,A,161,Calanoida,600.1996647,Calanoid
E19006168zoo,F,168,Calanoida,54.77400743,Calanoid
E19003168zoo,C,168,Calanoida,108.4895884,Calanoid
E19002168zoo,B,168,Calanoida,117.6355407,Calanoid
E19005168zoo,E,168,Calanoida,157.3932191,Calanoid
E19004168zoo,D,168,Calanoida,326.2426534,Calanoid
E19001168zoo,A,168,Calanoida,331.1169812,Calanoid
E19005115zoo,E,115,Cyclopoida,28.51804789,Cyclopoid
E19004115zoo,D,115,Cyclopoida,39.33933941,Cyclopoid
E19003115zoo,C,115,Cyclopoida,62.91119979,Cyclopoid
E19006115zoo,F,115,Cyclopoida,78.84862717,Cyclopoid
E19001115zoo,A,115,Cyclopoida,140.2145651,Cyclopoid
E19002115zoo,B,115,Cyclopoida,155.1788314,Cyclopoid
E19001118zoo,A,118,Cyclopoida,347.9038088,Cyclopoid
E19004118zoo,D,118,Cyclopoida,512.6469616,Cyclopoid
E19003118zoo,C,118,Cyclopoida,660.7709393,Cyclopoid
E19002118zoo,B,118,Cyclopoida,971.3939482,Cyclopoid
E19005118zoo,E,118,Cyclopoida,1318.148024,Cyclopoid
E19006118zoo,F,118,Cyclopoida,1388.303171,Cyclopoid
E19005121zoo,E,121,Cyclopoida,106.4992967,Cyclopoid
E19004121zoo,D,121,Cyclopoida,115.4130257,Cyclopoid
E19003121zoo,C,121,Cyclopoida,116.0886122,Cyclopoid
E19001121zoo,A,121,Cyclopoida,119.9927797,Cyclopoid
E19006121zoo,F,121,Cyclopoida,159.1224508,Cyclopoid
E19002121zoo,B,121,Cyclopoida,224.8251439,Cyclopoid
E19005123zoo,E,123,Cyclopoida,178.3095496,Cyclopoid
E19006123zoo,F,123,Cyclopoida,249.1296701,Cyclopoid
E19001123zoo,A,123,Cyclopoida,721.04398,Cyclopoid
E19003123zoo,C,123,Cyclopoida,860.7613952,Cyclopoid
E19003124zoo,C,124,Cyclopoida,178.5864343,Cyclopoid
E19006124zoo,F,124,Cyclopoida,193.0753484,Cyclopoid
E19005124zoo,E,124,Cyclopoida,208.9117091,Cyclopoid
E19004124zoo,D,124,Cyclopoida,299.7546504,Cyclopoid
E19002124zoo,B,124,Cyclopoida,316.8278059,Cyclopoid
E19001124zoo,A,124,Cyclopoida,485.3879096,Cyclopoid
E19006125zoo,F,125,Cyclopoida,94.38651073,Cyclopoid
E19001125zoo,A,125,Cyclopoida,333.6231287,Cyclopoid
E19004125zoo,D,125,Cyclopoida,405.0824352,Cyclopoid
E19004126zoo,D,126,Cyclopoida,41.91218996,Cyclopoid
E19006126zoo,F,126,Cyclopoida,70.88387834,Cyclopoid
E19001126zoo,A,126,Cyclopoida,168.5208561,Cyclopoid
E19005126zoo,E,126,Cyclopoida,409.1022707,Cyclopoid
E19003126zoo,C,126,Cyclopoida,440.617449,Cyclopoid
E19002126zoo,B,126,Cyclopoida,505.7449301,Cyclopoid
E19005127zoo,E,127,Cyclopoida,123.3410074,Cyclopoid
E19006127zoo,F,127,Cyclopoida,123.9930538,Cyclopoid
E19005128zoo,E,128,Cyclopoida,155.6580292,Cyclopoid
E19001128zoo,A,128,Cyclopoida,255.583326,Cyclopoid
E19006130zoo,F,130,Cyclopoida,12.65931879,Cyclopoid
E19004130zoo,D,130,Cyclopoida,32.34724301,Cyclopoid
E19003130zoo,C,130,Cyclopoida,55.01918096,Cyclopoid
E19005130zoo,E,130,Cyclopoida,122.8543191,Cyclopoid
E19001130zoo,A,130,Cyclopoida,264.5469611,Cyclopoid
E19002130zoo,B,130,Cyclopoida,350.0362667,Cyclopoid
E19006131zoo,F,131,Cyclopoida,150.3910473,Cyclopoid
E19006132zoo,F,132,Cyclopoida,85.65402949,Cyclopoid
E19006133zoo,F,133,Cyclopoida,5.10669329,Cyclopoid
E19003133zoo,C,133,Cyclopoida,59.20553685,Cyclopoid
E19005133zoo,E,133,Cyclopoida,97.81610925,Cyclopoid
E19002133zoo,B,133,Cyclopoida,107.9581298,Cyclopoid
E19001133zoo,A,133,Cyclopoida,129.4859257,Cyclopoid
E19004133zoo,D,133,Cyclopoida,135.8493596,Cyclopoid
E19006137zoo,F,137,Cyclopoida,0.457595609,Cyclopoid
E19003137zoo,C,137,Cyclopoida,16.44565051,Cyclopoid
E19002137zoo,B,137,Cyclopoida,29.73125401,Cyclopoid
E19001137zoo,A,137,Cyclopoida,55.09877742,Cyclopoid
E19005137zoo,E,137,Cyclopoida,57.25924251,Cyclopoid
E19004137zoo,D,137,Cyclopoida,80.82365296,Cyclopoid
E19004140zoo,D,140,Cyclopoida,1.308124336,Cyclopoid
E19006140zoo,F,140,Cyclopoida,1.328666899,Cyclopoid
E19003140zoo,C,140,Cyclopoida,8.716298937,Cyclopoid
E19005140zoo,E,140,Cyclopoida,21.07949884,Cyclopoid
E19002140zoo,B,140,Cyclopoida,22.72537605,Cyclopoid
E19001140zoo,A,140,Cyclopoida,103.0967438,Cyclopoid
E19006142zoo,F,142,Cyclopoida,1.171355189,Cyclopoid
E19003142zoo,C,142,Cyclopoida,3.21641206,Cyclopoid
E19002142zoo,B,142,Cyclopoida,4.572715383,Cyclopoid
E19004142zoo,D,142,Cyclopoida,18.01186785,Cyclopoid
E19005142zoo,E,142,Cyclopoida,32.98283515,Cyclopoid
E19001142zoo,A,142,Cyclopoida,42.23044696,Cyclopoid
E19005144zoo,E,144,Cyclopoida,2.810192475,Cyclopoid
E19006144zoo,F,144,Cyclopoida,3.076601035,Cyclopoid
E19002144zoo,B,144,Cyclopoida,9.7992564,Cyclopoid
E19004144zoo,D,144,Cyclopoida,35.3869172,Cyclopoid
E19003144zoo,C,144,Cyclopoida,39.96956871,Cyclopoid
E19001144zoo,A,144,Cyclopoida,63.70574556,Cyclopoid
E19001147zoo,A,147,Cyclopoida,6.843823143,Cyclopoid
E19002147zoo,B,147,Cyclopoida,8.489940641,Cyclopoid
E19005147zoo,E,147,Cyclopoida,15.53315165,Cyclopoid
E19006147zoo,F,147,Cyclopoida,31.58331662,Cyclopoid
E19003147zoo,C,147,Cyclopoida,65.33409968,Cyclopoid
E19005149zoo,E,149,Cyclopoida,3.036441676,Cyclopoid
E19006149zoo,F,149,Cyclopoida,5.085091403,Cyclopoid
E19004149zoo,D,149,Cyclopoida,7.278920546,Cyclopoid
E19003149zoo,C,149,Cyclopoida,20.27032683,Cyclopoid
E19001149zoo,A,149,Cyclopoida,95.70017072,Cyclopoid
E19002151zoo,B,151,Cyclopoida,11.07671369,Cyclopoid
E19006151zoo,F,151,Cyclopoida,13.45926062,Cyclopoid
E19003151zoo,C,151,Cyclopoida,18.20619704,Cyclopoid
E19005154zoo,E,154,Cyclopoida,0.747950557,Cyclopoid
E19002154zoo,B,154,Cyclopoida,1.335939346,Cyclopoid
E19001154zoo,A,154,Cyclopoida,3.841755823,Cyclopoid
E19003154zoo,C,154,Cyclopoida,7.204005932,Cyclopoid
E19006154zoo,F,154,Cyclopoida,15.10511256,Cyclopoid
E19006161zoo,F,161,Cyclopoida,4.654265977,Cyclopoid
E19002161zoo,B,161,Cyclopoida,5.864220765,Cyclopoid
E19001161zoo,A,161,Cyclopoida,9.845337821,Cyclopoid
E19003161zoo,C,161,Cyclopoida,17.4284399,Cyclopoid
E19005161zoo,E,161,Cyclopoida,68.71134956,Cyclopoid
E19003168zoo,C,168,Cyclopoida,1.192491417,Cyclopoid
E19006168zoo,F,168,Cyclopoida,13.58206182,Cyclopoid
E19005118zoo,E,118,Ceriodaphnia,4.356393043,LgCladocera
E19003118zoo,C,118,Daphnia,13.31908037,LgCladocera
E19005118zoo,E,118,Daphnia,24.33181603,LgCladocera
E19006118zoo,F,118,Daphnia,300.9974998,LgCladocera
E19006123zoo,F,123,Daphnia,21.81459451,LgCladocera
E19005123zoo,E,123,Daphnia,73.37505526,LgCladocera
E19006124zoo,F,124,Daphnia,29.54481197,LgCladocera
E19006125zoo,F,125,Daphnia,11.58872162,LgCladocera
E19005126zoo,E,126,Daphnia,1.971920898,LgCladocera
E19001126zoo,A,126,Camptocercus,4.521038276,LgCladocera
E19005127zoo,E,127,Daphnia,13.07330627,LgCladocera
E19005130zoo,E,130,Camptocercus,0.940021658,LgCladocera
E19006130zoo,F,130,Diaphanosoma,9.972626679,LgCladocera
E19003130zoo,C,130,Daphnia,10.98791466,LgCladocera
E19002130zoo,B,130,Daphnia,22.46563622,LgCladocera
E19001130zoo,A,130,Daphnia,26.84517145,LgCladocera
E19004130zoo,D,130,Daphnia,77.24128935,LgCladocera
E19005130zoo,E,130,Daphnia,134.8828184,LgCladocera
E19005133zoo,E,133,Daphnia,30.15995995,LgCladocera
E19006133zoo,F,133,Daphnia,162.391764,LgCladocera
E19006133zoo,F,133,Simocephalus,192.7669894,LgCladocera
E19005137zoo,E,137,Camptocercus,0.631424716,LgCladocera
E19003137zoo,C,137,Daphnia,2.137885666,LgCladocera
E19004137zoo,D,137,Daphnia,14.54395542,LgCladocera
E19005137zoo,E,137,Daphnia,21.99920419,LgCladocera
E19006140zoo,F,140,Daphnia,3.957561922,LgCladocera
E19003140zoo,C,140,Daphnia,6.800565437,LgCladocera
E19004140zoo,D,140,Daphnia,6.99365331,LgCladocera
E19005140zoo,E,140,Daphnia,19.50589691,LgCladocera
E19002140zoo,B,140,Daphnia,60.25926816,LgCladocera
E19006142zoo,F,142,Daphnia,1.810750339,LgCladocera
E19004142zoo,D,142,Ceriodaphnia,1.872437176,LgCladocera
E19002142zoo,B,142,Daphnia,18.1964569,LgCladocera
E19004142zoo,D,142,Daphnia,96.06788049,LgCladocera
E19003142zoo,C,142,Daphnia,153.2816368,LgCladocera
E19001142zoo,A,142,Daphnia,231.0290086,LgCladocera
E19005142zoo,E,142,Daphnia,467.269192,LgCladocera
E19002144zoo,B,144,Diaphanosoma,1.875779036,LgCladocera
E19002144zoo,B,144,Daphnia,21.3167595,LgCladocera
E19005144zoo,E,144,Daphnia,181.7536107,LgCladocera
E19003144zoo,C,144,Daphnia,320.3859025,LgCladocera
E19004144zoo,D,144,Daphnia,395.3892962,LgCladocera
E19001144zoo,A,144,Daphnia,560.0054124,LgCladocera
E19002147zoo,B,147,Ceriodaphnia,3.258038197,LgCladocera
E19002147zoo,B,147,Daphnia,32.34711908,LgCladocera
E19001147zoo,A,147,Daphnia,119.8320858,LgCladocera
E19004147zoo,D,147,Daphnia,467.1350976,LgCladocera
E19003147zoo,C,147,Daphnia,534.775763,LgCladocera
E19002149zoo,B,149,Ceriodaphnia,1.395120759,LgCladocera
E19004149zoo,D,149,Ceriodaphnia,3.606686542,LgCladocera
E19002149zoo,B,149,Daphnia,5.325853837,LgCladocera
E19006149zoo,F,149,Daphnia,14.73205552,LgCladocera
E19003149zoo,C,149,Daphnia,14.96061256,LgCladocera
E19004149zoo,D,149,Daphnia,84.75401099,LgCladocera
E19003151zoo,C,151,Daphnia,1.381674842,LgCladocera
E19002151zoo,B,151,Diaphanosoma,2.65636034,LgCladocera
E19002151zoo,B,151,Daphnia,49.61172697,LgCladocera
E19001151zoo,A,151,Daphnia,212.071638,LgCladocera
E19003154zoo,C,154,Daphnia,8.829049557,LgCladocera
E19002154zoo,B,154,Ceriodaphnia,42.43486589,LgCladocera
E19004154zoo,D,154,Daphnia,438.244037,LgCladocera
E19001154zoo,A,154,Daphnia,876.848111,LgCladocera
E19004161zoo,D,161,Ceriodaphnia,5.84182976,LgCladocera
E19003161zoo,C,161,Daphnia,11.73668097,LgCladocera
E19005161zoo,E,161,Ceriodaphnia,17.21050215,LgCladocera
E19001161zoo,A,161,Daphnia,34.32639044,LgCladocera
E19003161zoo,C,161,Ceriodaphnia,65.70506566,LgCladocera
E19002161zoo,B,161,Daphnia,84.5571587,LgCladocera
E19002161zoo,B,161,Ceriodaphnia,118.5051382,LgCladocera
E19006161zoo,F,161,Ceriodaphnia,160.5302216,LgCladocera
E19005161zoo,E,161,Simocephalus,304.7190928,LgCladocera
E19004161zoo,D,161,Daphnia,324.2033645,LgCladocera
E19003168zoo,C,168,Daphnia,9.015703183,LgCladocera
E19002168zoo,B,168,Daphnia,10.86952002,LgCladocera
E19005168zoo,E,168,Ceriodaphnia,11.37096584,LgCladocera
E19001168zoo,A,168,Daphnia,21.45765315,LgCladocera
E19003168zoo,C,168,Ceriodaphnia,25.08575207,LgCladocera
E19006168zoo,F,168,Ceriodaphnia,49.45379097,LgCladocera
E19002168zoo,B,168,Ceriodaphnia,99.0653973,LgCladocera
E19004168zoo,D,168,Daphnia,368.2547884,LgCladocera
E19004115zoo,D,115,Nauplii,21.04529807,Nauplii
E19005115zoo,E,115,Nauplii,23.55833924,Nauplii
E19003115zoo,C,115,Nauplii,41.60111233,Nauplii
E19006115zoo,F,115,Nauplii,46.24317536,Nauplii
E19001115zoo,A,115,Nauplii,47.42116548,Nauplii
E19002115zoo,B,115,Nauplii,53.1283354,Nauplii
E19001118zoo,A,118,Nauplii,22.25339505,Nauplii
E19002118zoo,B,118,Nauplii,33.44907638,Nauplii
E19005118zoo,E,118,Nauplii,37.14055543,Nauplii
E19004118zoo,D,118,Nauplii,38.65632119,Nauplii
E19003118zoo,C,118,Nauplii,52.30153071,Nauplii
E19006118zoo,F,118,Nauplii,81.55061557,Nauplii
E19006121zoo,F,121,Nauplii,8.158589281,Nauplii
E19003121zoo,C,121,Nauplii,18.05825009,Nauplii
E19002121zoo,B,121,Nauplii,20.23590545,Nauplii
E19001121zoo,A,121,Nauplii,23.58683601,Nauplii
E19004121zoo,D,121,Nauplii,32.5906293,Nauplii
E19005121zoo,E,121,Nauplii,40.07527291,Nauplii
E19006123zoo,F,123,Nauplii,6.296010245,Nauplii
E19003123zoo,C,123,Nauplii,8.271557511,Nauplii
E19001123zoo,A,123,Nauplii,15.32592263,Nauplii
E19005123zoo,E,123,Nauplii,37.34855415,Nauplii
E19003124zoo,C,124,Nauplii,6.760050086,Nauplii
E19002124zoo,B,124,Nauplii,10.74766888,Nauplii
E19006124zoo,F,124,Nauplii,12.54923635,Nauplii
E19001124zoo,A,124,Nauplii,16.11750457,Nauplii
E19004124zoo,D,124,Nauplii,23.6981936,Nauplii
E19005124zoo,E,124,Nauplii,48.51245998,Nauplii
E19006125zoo,F,125,Nauplii,11.19675242,Nauplii
E19001125zoo,A,125,Nauplii,12.52806322,Nauplii
E19004125zoo,D,125,Nauplii,13.44979283,Nauplii
E19006126zoo,F,126,Nauplii,4.48175882,Nauplii
E19004126zoo,D,126,Nauplii,7.202253802,Nauplii
E19001126zoo,A,126,Nauplii,9.259301706,Nauplii
E19002126zoo,B,126,Nauplii,9.328902806,Nauplii
E19003126zoo,C,126,Nauplii,12.18275519,Nauplii
E19005126zoo,E,126,Nauplii,20.52146145,Nauplii
E19005127zoo,E,127,Nauplii,7.62665576,Nauplii
E19006127zoo,F,127,Nauplii,15.21833405,Nauplii
E19005128zoo,E,128,Nauplii,12.35771716,Nauplii
E19001128zoo,A,128,Nauplii,16.22182223,Nauplii
E19003130zoo,C,130,Nauplii,6.254480429,Nauplii
E19006130zoo,F,130,Nauplii,11.42437968,Nauplii
E19004130zoo,D,130,Nauplii,14.21285021,Nauplii
E19001130zoo,A,130,Nauplii,17.9397091,Nauplii
E19005130zoo,E,130,Nauplii,20.81434646,Nauplii
E19002130zoo,B,130,Nauplii,23.18373968,Nauplii
E19006131zoo,F,131,Nauplii,5.518695755,Nauplii
E19006132zoo,F,132,Nauplii,12.69060469,Nauplii
E19003133zoo,C,133,Nauplii,20.13294495,Nauplii
E19002133zoo,B,133,Nauplii,22.27001076,Nauplii
E19001133zoo,A,133,Nauplii,42.38143722,Nauplii
E19004133zoo,D,133,Nauplii,46.62841499,Nauplii
E19005133zoo,E,133,Nauplii,47.09351305,Nauplii
E19004137zoo,D,137,Nauplii,5.145678563,Nauplii
E19001137zoo,A,137,Nauplii,9.791494806,Nauplii
E19003137zoo,C,137,Nauplii,11.69080448,Nauplii
E19002137zoo,B,137,Nauplii,13.70253166,Nauplii
E19006137zoo,F,137,Nauplii,13.91201372,Nauplii
E19005137zoo,E,137,Nauplii,20.11580617,Nauplii
E19006140zoo,F,140,Nauplii,7.688878033,Nauplii
E19003140zoo,C,140,Nauplii,13.3141099,Nauplii
E19005140zoo,E,140,Nauplii,16.03875208,Nauplii
E19004140zoo,D,140,Nauplii,16.25524814,Nauplii
E19002140zoo,B,140,Nauplii,24.32922757,Nauplii
E19001140zoo,A,140,Nauplii,26.58599233,Nauplii
E19006142zoo,F,142,Nauplii,7.026064365,Nauplii
E19002142zoo,B,142,Nauplii,11.14651774,Nauplii
E19003142zoo,C,142,Nauplii,17.35838784,Nauplii
E19005142zoo,E,142,Nauplii,19.38786957,Nauplii
E19001142zoo,A,142,Nauplii,22.94129023,Nauplii
E19004142zoo,D,142,Nauplii,26.39643584,Nauplii
E19005144zoo,E,144,Nauplii,3.538840707,Nauplii
E19002144zoo,B,144,Nauplii,10.63949801,Nauplii
E19006144zoo,F,144,Nauplii,12.47692796,Nauplii
E19004144zoo,D,144,Nauplii,13.76761593,Nauplii
E19003144zoo,C,144,Nauplii,15.9761092,Nauplii
E19001144zoo,A,144,Nauplii,67.26745786,Nauplii
E19004147zoo,D,147,Nauplii,9.997534178,Nauplii
E19002147zoo,B,147,Nauplii,17.12276524,Nauplii
E19006147zoo,F,147,Nauplii,25.42148435,Nauplii
E19003147zoo,C,147,Nauplii,25.81441074,Nauplii
E19001147zoo,A,147,Nauplii,28.9486985,Nauplii
E19005147zoo,E,147,Nauplii,38.18691706,Nauplii
E19005149zoo,E,149,Nauplii,1.681228843,Nauplii
E19004149zoo,D,149,Nauplii,5.783258105,Nauplii
E19002149zoo,B,149,Nauplii,7.93386584,Nauplii
E19001149zoo,A,149,Nauplii,15.94007621,Nauplii
E19003149zoo,C,149,Nauplii,17.46004046,Nauplii
E19006149zoo,F,149,Nauplii,31.58086537,Nauplii
E19005151zoo,E,151,Nauplii,2.75624489,Nauplii
E19003151zoo,C,151,Nauplii,11.96623271,Nauplii
E19002151zoo,B,151,Nauplii,19.21119532,Nauplii
E19001151zoo,A,151,Nauplii,20.686768,Nauplii
E19006151zoo,F,151,Nauplii,31.46911655,Nauplii
E19004154zoo,D,154,Nauplii,11.34030474,Nauplii
E19001154zoo,A,154,Nauplii,12.18874219,Nauplii
E19005154zoo,E,154,Nauplii,18.6656151,Nauplii
E19003154zoo,C,154,Nauplii,23.47324058,Nauplii
E19006154zoo,F,154,Nauplii,43.53906919,Nauplii
E19002154zoo,B,154,Nauplii,49.0336771,Nauplii
E19006161zoo,F,161,Nauplii,16.70364241,Nauplii
E19002161zoo,B,161,Nauplii,20.55551296,Nauplii
E19004161zoo,D,161,Nauplii,22.02742889,Nauplii
E19003161zoo,C,161,Nauplii,24.30481166,Nauplii
E19005161zoo,E,161,Nauplii,33.04509102,Nauplii
E19001161zoo,A,161,Nauplii,68.80505143,Nauplii
E19003168zoo,C,168,Nauplii,6.980355537,Nauplii
E19004168zoo,D,168,Nauplii,16.99806524,Nauplii
E19001168zoo,A,168,Nauplii,22.72347064,Nauplii
E19005168zoo,E,168,Nauplii,23.03335877,Nauplii
E19006168zoo,F,168,Nauplii,23.64090849,Nauplii
E19002168zoo,B,168,Nauplii,35.61585001,Nauplii
E19003115zoo,C,115,Pompholyx,0.059303515,Rotifer
E19005115zoo,E,115,Pompholyx,0.062276705,Rotifer
E19005115zoo,E,115,Synchaeta,0.078273854,Rotifer
E19004115zoo,D,115,Pompholyx,0.079588539,Rotifer
E19005115zoo,E,115,Filinia,0.13962401,Rotifer
E19004115zoo,D,115,Synchaeta,0.195580237,Rotifer
E19003115zoo,C,115,Filinia,0.218090791,Rotifer
E19002115zoo,B,115,Filinia,0.230668691,Rotifer
E19006115zoo,F,115,Conochilus,0.502191038,Rotifer
E19002115zoo,B,115,Synchaeta,0.52134527,Rotifer
E19004115zoo,D,115,Filinia,0.527016915,Rotifer
E19006115zoo,F,115,Filinia,0.613790248,Rotifer
E19001115zoo,A,115,Keratella.quadrata,1.066247071,Rotifer
E19003115zoo,C,115,Conochilus,1.069810905,Rotifer
E19005115zoo,E,115,Testudinella,1.400189308,Rotifer
E19006115zoo,F,115,Pompholyx,2.081619873,Rotifer
E19002115zoo,B,115,Polyarthra,2.523152721,Rotifer
E19001115zoo,A,115,Polyarthra,3.697893526,Rotifer
E19004115zoo,D,115,Polyarthra,3.879539194,Rotifer
E19005115zoo,E,115,Keratella.cochlearis,4.15185162,Rotifer
E19006115zoo,F,115,Polyarthra,4.309117277,Rotifer
E19001115zoo,A,115,Synchaeta,4.409844348,Rotifer
E19004115zoo,D,115,Keratella.cochlearis,4.815561712,Rotifer
E19003115zoo,C,115,Keratella.cochlearis,5.256067407,Rotifer
E19003115zoo,C,115,Polyarthra,5.350139796,Rotifer
E19006115zoo,F,115,Synchaeta,6.147938897,Rotifer
E19001115zoo,A,115,Keratella.cochlearis,8.803457398,Rotifer
E19002115zoo,B,115,Keratella.cochlearis,10.0963859,Rotifer
E19006115zoo,F,115,Keratella.cochlearis,10.44977568,Rotifer
E19003118zoo,C,118,Pompholyx,0.110667185,Rotifer
E19001118zoo,A,118,Polyarthra,0.193913919,Rotifer
E19004118zoo,D,118,Filinia,0.217621075,Rotifer
E19002118zoo,B,118,Filinia,0.248244544,Rotifer
E19001118zoo,A,118,Synchaeta,0.351590725,Rotifer
E19005118zoo,E,118,Filinia,0.352111731,Rotifer
E19006118zoo,F,118,Filinia,0.475442127,Rotifer
E19005118zoo,E,118,Synchaeta,0.627981661,Rotifer
E19005118zoo,E,118,Pompholyx,0.646933521,Rotifer
E19001118zoo,A,118,Filinia,0.756922151,Rotifer
E19004118zoo,D,118,Synchaeta,0.863089996,Rotifer
E19003118zoo,C,118,Synchaeta,0.867493142,Rotifer
E19004118zoo,D,118,Polyarthra,0.88249973,Rotifer
E19004118zoo,D,118,Pompholyx,1.174268742,Rotifer
E19003118zoo,C,118,Keratella.quadrata,1.310265423,Rotifer
E19001118zoo,A,118,Pompholyx,1.322420237,Rotifer
E19004118zoo,D,118,Keratella.quadrata,1.368870336,Rotifer
E19003118zoo,C,118,Polyarthra,1.691740272,Rotifer
E19001118zoo,A,118,Keratella.quadrata,2.267853262,Rotifer
E19006118zoo,F,118,Pompholyx,2.905321561,Rotifer
E19006118zoo,F,118,Polyarthra,2.993191826,Rotifer
E19005118zoo,E,118,Polyarthra,3.102966986,Rotifer
E19004118zoo,D,118,Keratella.cochlearis,3.641448571,Rotifer
E19002118zoo,B,118,Keratella.cochlearis,3.703002755,Rotifer
E19006118zoo,F,118,Conochilus,4.098199445,Rotifer
E19003118zoo,C,118,Keratella.cochlearis,4.635428841,Rotifer
E19006118zoo,F,118,Synchaeta,6.377674313,Rotifer
E19001118zoo,A,118,Keratella.cochlearis,6.758228017,Rotifer
E19006118zoo,F,118,Keratella.cochlearis,7.20680638,Rotifer
E19005118zoo,E,118,Keratella.cochlearis,7.831302852,Rotifer
E19004121zoo,D,121,Filinia,0.031867737,Rotifer
E19003121zoo,C,121,Pompholyx,0.112767997,Rotifer
E19004121zoo,D,121,Conochilus,0.149129927,Rotifer
E19001121zoo,A,121,Filinia,0.455954955,Rotifer
E19006121zoo,F,121,Polyarthra,0.513883144,Rotifer
E19001121zoo,A,121,Keratella.quadrata,0.946717439,Rotifer
E19005121zoo,E,121,Polyarthra,1.152300704,Rotifer
E19002121zoo,B,121,Polyarthra,1.264330526,Rotifer
E19004121zoo,D,121,Polyarthra,1.483768647,Rotifer
E19002121zoo,B,121,Filinia,1.604867748,Rotifer
E19002121zoo,B,121,Conochilus,1.784732885,Rotifer
E19003121zoo,C,121,Keratella.quadrata,1.838020139,Rotifer
E19003121zoo,C,121,Polyarthra,2.1254311,Rotifer
E19003121zoo,C,121,Conochilus,2.436193869,Rotifer
E19005121zoo,E,121,Keratella.quadrata,2.628128475,Rotifer
E19001121zoo,A,121,Synchaeta,2.974603648,Rotifer
E19005121zoo,E,121,Synchaeta,3.106536022,Rotifer
E19006121zoo,F,121,Keratella.quadrata,3.226839391,Rotifer
E19005121zoo,E,121,Trichocerca,3.303774325,Rotifer
E19001121zoo,A,121,Polyarthra,3.443697956,Rotifer
E19006121zoo,F,121,Asplanchna,4.046745777,Rotifer
E19004121zoo,D,121,Keratella.cochlearis,4.176406653,Rotifer
E19002121zoo,B,121,Keratella.quadrata,4.306044735,Rotifer
E19003121zoo,C,121,Synchaeta,4.525856584,Rotifer
E19004121zoo,D,121,Keratella.quadrata,4.627738515,Rotifer
E19003121zoo,C,121,Keratella.cochlearis,5.132898204,Rotifer
E19004121zoo,D,121,Synchaeta,5.597384982,Rotifer
E19005121zoo,E,121,Keratella.cochlearis,6.878535468,Rotifer
E19002121zoo,B,121,Synchaeta,7.736349862,Rotifer
E19001121zoo,A,121,Conochilus,8.753576674,Rotifer
E19001121zoo,A,121,Keratella.cochlearis,14.0471776,Rotifer
E19002121zoo,B,121,Keratella.cochlearis,14.52314897,Rotifer
E19006121zoo,F,121,Keratella.cochlearis,78.46333563,Rotifer
E19001123zoo,A,123,Filinia,0.093445818,Rotifer
E19006123zoo,F,123,Keratella.quadrata,0.518787004,Rotifer
E19001123zoo,A,123,Polyarthra,0.530194693,Rotifer
E19001123zoo,A,123,Pompholyx,0.607973017,Rotifer
E19005123zoo,E,123,Keratella.quadrata,1.270193222,Rotifer
E19003123zoo,C,123,Keratella.quadrata,1.767255381,Rotifer
E19001123zoo,A,123,Brachionus,2.935528215,Rotifer
E19006123zoo,F,123,Keratella.cochlearis,3.082306433,Rotifer
E19001123zoo,A,123,Keratella.quadrata,4.183202402,Rotifer
E19003123zoo,C,123,Keratella.cochlearis,4.247476899,Rotifer
E19005123zoo,E,123,Keratella.cochlearis,4.94630303,Rotifer
E19001123zoo,A,123,Keratella.cochlearis,12.76160913,Rotifer
E19001124zoo,A,124,Polyarthra,0.179395256,Rotifer
E19004124zoo,D,124,Polyarthra,0.330287485,Rotifer
E19004124zoo,D,124,Brachionus,0.951763539,Rotifer
E19005124zoo,E,124,Keratella.quadrata,1.347105978,Rotifer
E19004124zoo,D,124,Conochilus,1.580896856,Rotifer
E19004124zoo,D,124,Synchaeta,1.682335058,Rotifer
E19003124zoo,C,124,Keratella.quadrata,2.023667656,Rotifer
E19004124zoo,D,124,Pompholyx,2.090193034,Rotifer
E19006124zoo,F,124,Keratella.quadrata,2.241214861,Rotifer
E19006124zoo,F,124,Keratella.cochlearis,2.62149082,Rotifer
E19002124zoo,B,124,Keratella.quadrata,2.654219934,Rotifer
E19003124zoo,C,124,Keratella.cochlearis,2.727499098,Rotifer
E19001124zoo,A,124,Keratella.quadrata,2.811783074,Rotifer
E19004124zoo,D,124,Keratella.quadrata,2.93929814,Rotifer
E19004124zoo,D,124,Asplanchna,3.081887757,Rotifer
E19005124zoo,E,124,Keratella.cochlearis,4.035696983,Rotifer
E19001124zoo,A,124,Keratella.cochlearis,4.668076422,Rotifer
E19005124zoo,E,124,Asplanchna,7.168212158,Rotifer
E19002124zoo,B,124,Keratella.cochlearis,7.391778215,Rotifer
E19004124zoo,D,124,Keratella.cochlearis,11.58501233,Rotifer
E19004125zoo,D,125,Filinia,0.068453171,Rotifer
E19006125zoo,F,125,Keratella.quadrata,0.422761543,Rotifer
E19006125zoo,F,125,Keratella.cochlearis,2.404498771,Rotifer
E19004125zoo,D,125,Keratella.quadrata,3.567489441,Rotifer
E19004125zoo,D,125,Keratella.cochlearis,3.912743037,Rotifer
E19001125zoo,A,125,Keratella.quadrata,4.366244369,Rotifer
E19001125zoo,A,125,Keratella.cochlearis,5.123678268,Rotifer
E19001125zoo,A,125,Asplanchna,5.465242539,Rotifer
E19006126zoo,F,126,Polyarthra,0.066462993,Rotifer
E19001126zoo,A,126,Polyarthra,0.287771542,Rotifer
E19001126zoo,A,126,Pompholyx,0.655817954,Rotifer
E19006126zoo,F,126,Keratella.cochlearis,0.717890595,Rotifer
E19001126zoo,A,126,Asplanchna,0.963429888,Rotifer
E19004126zoo,D,126,Keratella.cochlearis,1.62514478,Rotifer
E19005126zoo,E,126,Keratella.quadrata,1.860572949,Rotifer
E19005126zoo,E,126,Keratella.cochlearis,2.129644036,Rotifer
E19004126zoo,D,126,Keratella.quadrata,2.370843759,Rotifer
E19003126zoo,C,126,Keratella.quadrata,4.245272905,Rotifer
E19003126zoo,C,126,Keratella.cochlearis,4.573900875,Rotifer
E19001126zoo,A,126,Keratella.quadrata,4.698262014,Rotifer
E19002126zoo,B,126,Keratella.quadrata,4.704158583,Rotifer
E19002126zoo,B,126,Keratella.cochlearis,10.03890531,Rotifer
E19001126zoo,A,126,Keratella.cochlearis,16.75146645,Rotifer
E19006127zoo,F,127,Keratella.cochlearis,0.592244143,Rotifer
E19006127zoo,F,127,Keratella.quadrata,0.778035229,Rotifer
E19005127zoo,E,127,Keratella.cochlearis,0.801755895,Rotifer
E19005128zoo,E,128,Keratella.quadrata,0.671643595,Rotifer
E19001128zoo,A,128,Keratella.quadrata,0.878607805,Rotifer
E19005128zoo,E,128,Keratella.cochlearis,1.768876431,Rotifer
E19005128zoo,E,128,Asplanchna,2.151771372,Rotifer
E19001128zoo,A,128,Keratella.cochlearis,3.554675435,Rotifer
E19003130zoo,C,130,Keratella.cochlearis,0.562100489,Rotifer
E19006130zoo,F,130,Keratella.cochlearis,0.868860806,Rotifer
E19003130zoo,C,130,Synchaeta,1.057826855,Rotifer
E19005130zoo,E,130,Keratella.cochlearis,1.083757533,Rotifer
E19006130zoo,F,130,Keratella.quadrata,1.091806158,Rotifer
E19004130zoo,D,130,Keratella.cochlearis,2.386274774,Rotifer
E19001130zoo,A,130,Keratella.cochlearis,2.632781401,Rotifer
E19005130zoo,E,130,Keratella.quadrata,2.811877059,Rotifer
E19003130zoo,C,130,Keratella.quadrata,4.024369356,Rotifer
E19002130zoo,B,130,Keratella.quadrata,4.302954383,Rotifer
E19002130zoo,B,130,Keratella.cochlearis,5.765427453,Rotifer
E19004130zoo,D,130,Keratella.quadrata,6.428836427,Rotifer
E19002130zoo,B,130,Asplanchna,16.28883207,Rotifer
E19006131zoo,F,131,Keratella.cochlearis,0.937746826,Rotifer
E19006132zoo,F,132,Keratella.cochlearis,1.445822659,Rotifer
E19006132zoo,F,132,Asplanchna,14.46927056,Rotifer
E19006133zoo,F,133,Pompholyx,0.157092059,Rotifer
E19001133zoo,A,133,Polyarthra,0.190420112,Rotifer
E19004133zoo,D,133,Synchaeta,0.357887195,Rotifer
E19002133zoo,B,133,Polyarthra,0.531034115,Rotifer
E19005133zoo,E,133,Keratella.cochlearis,0.998752261,Rotifer
E19005133zoo,E,133,Keratella.quadrata,1.521779645,Rotifer
E19006133zoo,F,133,Keratella.cochlearis,1.534631076,Rotifer
E19001133zoo,A,133,Keratella.quadrata,2.148983674,Rotifer
E19006133zoo,F,133,Keratella.quadrata,2.452406836,Rotifer
E19003133zoo,C,133,Polyarthra,2.709525568,Rotifer
E19004133zoo,D,133,Keratella.cochlearis,3.294480536,Rotifer
E19003133zoo,C,133,Keratella.cochlearis,4.270451223,Rotifer
E19003133zoo,C,133,Keratella.quadrata,5.085645137,Rotifer
E19002133zoo,B,133,Keratella.quadrata,6.058963985,Rotifer
E19004133zoo,D,133,Asplanchna,7.30634339,Rotifer
E19001133zoo,A,133,Keratella.cochlearis,7.350965732,Rotifer
E19002133zoo,B,133,Asplanchna,7.513996884,Rotifer
E19002133zoo,B,133,Keratella.cochlearis,7.803884824,Rotifer
E19004133zoo,D,133,Keratella.quadrata,9.133185284,Rotifer
E19001133zoo,A,133,Asplanchna,13.12893868,Rotifer
E19003133zoo,C,133,Asplanchna,20.14805945,Rotifer
E19002137zoo,B,137,Pompholyx,0.036036743,Rotifer
E19005137zoo,E,137,Lecane,0.051770317,Rotifer
E19006137zoo,F,137,Keratella.cochlearis,0.074376648,Rotifer
E19001137zoo,A,137,Keratella.cochlearis,0.153831488,Rotifer
E19002137zoo,B,137,Keratella.cochlearis,0.158145251,Rotifer
E19005137zoo,E,137,Synchaeta,0.167130671,Rotifer
E19005137zoo,E,137,Keratella.cochlearis,0.18640481,Rotifer
E19004137zoo,D,137,Keratella.cochlearis,0.194233535,Rotifer
E19001137zoo,A,137,Keratella.quadrata,0.257951825,Rotifer
E19003137zoo,C,137,Keratella.cochlearis,0.265518154,Rotifer
E19006137zoo,F,137,Synchaeta,0.366800917,Rotifer
E19002137zoo,B,137,Polyarthra,0.419837188,Rotifer
E19005137zoo,E,137,Keratella.quadrata,0.467451391,Rotifer
E19004137zoo,D,137,Keratella.quadrata,0.727055086,Rotifer
E19003137zoo,C,137,Synchaeta,1.27173417,Rotifer
E19002137zoo,B,137,Synchaeta,1.500108028,Rotifer
E19002137zoo,B,137,Keratella.quadrata,1.584066159,Rotifer
E19004137zoo,D,137,Asplanchna,2.777321867,Rotifer
E19005137zoo,E,137,Asplanchna,3.086684439,Rotifer
E19003137zoo,C,137,Keratella.quadrata,3.919952582,Rotifer
E19001137zoo,A,137,Asplanchna,6.966656793,Rotifer
E19002137zoo,B,137,Asplanchna,14.89812686,Rotifer
E19003137zoo,C,137,Asplanchna,21.06040013,Rotifer
E19001140zoo,A,140,Pompholyx,0.031738454,Rotifer
E19006140zoo,F,140,Keratella.cochlearis,0.042205859,Rotifer
E19005140zoo,E,140,Keratella.cochlearis,0.055359229,Rotifer
E19003140zoo,C,140,Brachionus,0.060064499,Rotifer
E19005140zoo,E,140,Monostyla,0.073126498,Rotifer
E19006140zoo,F,140,Monostyla,0.075886197,Rotifer
E19002140zoo,B,140,Keratella.cochlearis,0.085995258,Rotifer
E19001140zoo,A,140,Keratella.cochlearis,0.110732643,Rotifer
E19006140zoo,F,140,Keratella.quadrata,0.119612188,Rotifer
E19004140zoo,D,140,Keratella.cochlearis,0.135158834,Rotifer
E19003140zoo,C,140,Keratella.cochlearis,0.211442867,Rotifer
E19004140zoo,D,140,Keratella.quadrata,0.47194542,Rotifer
E19006140zoo,F,140,Pompholyx,0.516523369,Rotifer
E19003140zoo,C,140,Polyarthra,0.550424361,Rotifer
E19002140zoo,B,140,Keratella.quadrata,0.607471255,Rotifer
E19003140zoo,C,140,Keratella.quadrata,1.062944412,Rotifer
E19001140zoo,A,140,Keratella.quadrata,1.07777138,Rotifer
E19002140zoo,B,140,Polyarthra,1.817852015,Rotifer
E19003140zoo,C,140,Asplanchna,7.753702229,Rotifer
E19002140zoo,B,140,Asplanchna,10.61566535,Rotifer
E19002142zoo,B,142,Keratella.cochlearis,0.014272515,Rotifer
E19003142zoo,C,142,Keratella.cochlearis,0.03121204,Rotifer
E19001142zoo,A,142,Keratella.cochlearis,0.033901551,Rotifer
E19001142zoo,A,142,Polyarthra,0.054576131,Rotifer
E19005142zoo,E,142,Keratella.cochlearis,0.057375566,Rotifer
E19006142zoo,F,142,Keratella.cochlearis,0.10795379,Rotifer
E19003142zoo,C,142,Polyarthra,0.123581229,Rotifer
E19004142zoo,D,142,Keratella.cochlearis,0.124592646,Rotifer
E19004142zoo,D,142,Lecane,0.209636511,Rotifer
E19006142zoo,F,142,Keratella.quadrata,0.435572499,Rotifer
E19005142zoo,E,142,Keratella.quadrata,0.594730552,Rotifer
E19004142zoo,D,142,Trichocerca,0.661945599,Rotifer
E19001142zoo,A,142,Keratella.quadrata,0.842318139,Rotifer
E19002142zoo,B,142,Keratella.quadrata,0.880388195,Rotifer
E19004142zoo,D,142,Keratella.quadrata,1.219223292,Rotifer
E19002142zoo,B,142,Polyarthra,1.450855567,Rotifer
E19003142zoo,C,142,Asplanchna,4.537074633,Rotifer
E19004142zoo,D,142,Asplanchna,6.80214144,Rotifer
E19002144zoo,B,144,Keratella.cochlearis,0.008559394,Rotifer
E19001144zoo,A,144,Keratella.cochlearis,0.013579745,Rotifer
E19005144zoo,E,144,Keratella.cochlearis,0.026254391,Rotifer
E19003144zoo,C,144,Keratella.cochlearis,0.033851941,Rotifer
E19004144zoo,D,144,Keratella.cochlearis,0.046420505,Rotifer
E19006144zoo,F,144,Keratella.cochlearis,0.140669336,Rotifer
E19005144zoo,E,144,Keratella.quadrata,0.313025442,Rotifer
E19006144zoo,F,144,Trichocerca,0.900495217,Rotifer
E19004144zoo,D,144,Keratella.quadrata,0.924999628,Rotifer
E19001144zoo,A,144,Keratella.quadrata,1.305307062,Rotifer
E19006144zoo,F,144,Keratella.quadrata,1.369891108,Rotifer
E19002144zoo,B,144,Keratella.quadrata,1.536442779,Rotifer
E19006144zoo,F,144,Pompholyx,2.295111423,Rotifer
E19002144zoo,B,144,Asplanchna,3.018062441,Rotifer
E19004144zoo,D,144,Asplanchna,9.317411577,Rotifer
E19006147zoo,F,147,Keratella.cochlearis,0.004874018,Rotifer
E19001147zoo,A,147,Keratella.cochlearis,0.010227145,Rotifer
E19004147zoo,D,147,Keratella.cochlearis,0.018779325,Rotifer
E19005147zoo,E,147,Keratella.cochlearis,0.033426162,Rotifer
E19003147zoo,C,147,Keratella.cochlearis,0.039562725,Rotifer
E19002147zoo,B,147,Keratella.cochlearis,0.051260269,Rotifer
E19004147zoo,D,147,Pompholyx,0.132278485,Rotifer
E19006147zoo,F,147,Pompholyx,0.206314399,Rotifer
E19002147zoo,B,147,Lecane,0.207200289,Rotifer
E19006147zoo,F,147,Synchaeta,0.273146018,Rotifer
E19006147zoo,F,147,Keratella.quadrata,0.309173977,Rotifer
E19005147zoo,E,147,Pompholyx,0.377945663,Rotifer
E19001147zoo,A,147,Keratella.quadrata,0.783438133,Rotifer
E19003147zoo,C,147,Asplanchna,1.188819133,Rotifer
E19002147zoo,B,147,Keratella.quadrata,1.324502578,Rotifer
E19002147zoo,B,147,Synchaeta,5.192415288,Rotifer
E19006149zoo,F,149,Keratella.cochlearis,0.010159261,Rotifer
E19003149zoo,C,149,Keratella.cochlearis,0.015370983,Rotifer
E19005149zoo,E,149,Keratella.cochlearis,0.017550011,Rotifer
E19001149zoo,A,149,Keratella.cochlearis,0.019308417,Rotifer
E19004149zoo,D,149,Keratella.cochlearis,0.026394738,Rotifer
E19002149zoo,B,149,Keratella.cochlearis,0.054446939,Rotifer
E19002149zoo,B,149,Lecane,0.141876827,Rotifer
E19005149zoo,E,149,Lecane,0.205436211,Rotifer
E19002149zoo,B,149,Conochilus,0.486425802,Rotifer
E19004149zoo,D,149,Lecane,0.494872776,Rotifer
E19002149zoo,B,149,Synchaeta,1.206429997,Rotifer
E19006149zoo,F,149,Keratella.quadrata,1.234886338,Rotifer
E19003149zoo,C,149,Keratella.quadrata,1.441067182,Rotifer
E19005149zoo,E,149,Keratella.quadrata,1.442019757,Rotifer
E19002149zoo,B,149,Polyarthra,1.491137272,Rotifer
E19002149zoo,B,149,Pompholyx,1.824151055,Rotifer
E19002149zoo,B,149,Asplanchna,2.350596697,Rotifer
E19004149zoo,D,149,Keratella.quadrata,2.353480552,Rotifer
E19002149zoo,B,149,Keratella.quadrata,2.362089998,Rotifer
E19005151zoo,E,151,Keratella.cochlearis,0.002167019,Rotifer
E19001151zoo,A,151,Kellicottia,0.005492723,Rotifer
E19003151zoo,C,151,Keratella.cochlearis,0.013359068,Rotifer
E19006151zoo,F,151,Keratella.cochlearis,0.02487819,Rotifer
E19002151zoo,B,151,Keratella.cochlearis,0.026408357,Rotifer
E19001151zoo,A,151,Keratella.cochlearis,0.162674366,Rotifer
E19003151zoo,C,151,Keratella.quadrata,0.309965214,Rotifer
E19006151zoo,F,151,Keratella.quadrata,0.701095577,Rotifer
E19005151zoo,E,151,Asplanchna,0.804982971,Rotifer
E19002151zoo,B,151,Keratella.quadrata,1.409302203,Rotifer
E19002151zoo,B,151,Asplanchna,1.592624437,Rotifer
E19005154zoo,E,154,Keratella.cochlearis,0.012507825,Rotifer
E19004154zoo,D,154,Keratella.cochlearis,0.038012358,Rotifer
E19004154zoo,D,154,Polyarthra,0.054677612,Rotifer
E19002154zoo,B,154,Keratella.cochlearis,0.06352445,Rotifer
E19006154zoo,F,154,Brachionus,0.077878934,Rotifer
E19006154zoo,F,154,Polyarthra,0.105604223,Rotifer
E19002154zoo,B,154,Filinia,0.12726834,Rotifer
E19006154zoo,F,154,Pompholyx,0.137973468,Rotifer
E19004154zoo,D,154,Conochilus,0.330823172,Rotifer
E19005154zoo,E,154,Keratella.quadrata,0.343450451,Rotifer
E19006154zoo,F,154,Conochilus,0.345219247,Rotifer
E19005154zoo,E,154,Monostyla,0.382251513,Rotifer
E19006154zoo,F,154,Keratella.cochlearis,0.46438915,Rotifer
E19001154zoo,A,154,Synchaeta,0.595837291,Rotifer
E19004154zoo,D,154,Keratella.quadrata,0.644831676,Rotifer
E19002154zoo,B,154,Pompholyx,0.71649293,Rotifer
E19002154zoo,B,154,Synchaeta,0.901111893,Rotifer
E19003154zoo,C,154,Keratella.quadrata,1.360045077,Rotifer
E19006154zoo,F,154,Keratella.quadrata,2.217828319,Rotifer
E19002154zoo,B,154,Keratella.quadrata,2.369770578,Rotifer
E19001154zoo,A,154,Keratella.quadrata,3.553697774,Rotifer
E19004161zoo,D,161,Keratella.cochlearis,0.043233191,Rotifer
E19002161zoo,B,161,Pompholyx,0.051324194,Rotifer
E19003161zoo,C,161,Keratella.cochlearis,0.057921548,Rotifer
E19004161zoo,D,161,Pompholyx,0.081591556,Rotifer
E19004161zoo,D,161,Lecane,0.083682227,Rotifer
E19005161zoo,E,161,Keratella.cochlearis,0.111106207,Rotifer
E19002161zoo,B,161,Brachionus,0.123061778,Rotifer
E19002161zoo,B,161,Lecane,0.167780748,Rotifer
E19004161zoo,D,161,Monostyla,0.213834299,Rotifer
E19001161zoo,A,161,Keratella.cochlearis,0.272511627,Rotifer
E19003161zoo,C,161,Brachionus,0.298400475,Rotifer
E19002161zoo,B,161,Keratella.cochlearis,0.440122108,Rotifer
E19002161zoo,B,161,Monostyla,0.449559092,Rotifer
E19004161zoo,D,161,Keratella.quadrata,0.628604326,Rotifer
E19005161zoo,E,161,Keratella.quadrata,0.922289712,Rotifer
E19006161zoo,F,161,Keratella.cochlearis,1.23615363,Rotifer
E19006161zoo,F,161,Keratella.quadrata,3.419964201,Rotifer
E19002161zoo,B,161,Keratella.quadrata,4.559976108,Rotifer
E19003161zoo,C,161,Keratella.quadrata,4.678290777,Rotifer
E19001161zoo,A,161,Keratella.quadrata,7.193121782,Rotifer
E19003168zoo,C,168,Keratella.cochlearis,0.013575633,Rotifer
E19001168zoo,A,168,Keratella.cochlearis,0.017567644,Rotifer
E19005168zoo,E,168,Keratella.cochlearis,0.038030748,Rotifer
E19006168zoo,F,168,Keratella.cochlearis,0.11013077,Rotifer
E19006168zoo,F,168,Keratella.quadrata,0.477181248,Rotifer
E19003168zoo,C,168,Keratella.quadrata,0.549171359,Rotifer
E19002168zoo,B,168,Keratella.quadrata,0.586879711,Rotifer
E19001168zoo,A,168,Keratella.quadrata,0.911404767,Rotifer
E19002168zoo,B,168,Keratella.cochlearis,1.087399198,Rotifer
E19002115zoo,B,115,Chydorus,7.049584418,SmCladocera
E19006115zoo,F,115,Bosmina,31.35022894,SmCladocera
E19004115zoo,D,115,Bosmina,41.88412584,SmCladocera
E19002115zoo,B,115,Bosmina,48.32581017,SmCladocera
E19003115zoo,C,115,Bosmina,76.46134899,SmCladocera
E19001115zoo,A,115,Bosmina,96.38006015,SmCladocera
E19002118zoo,B,118,Bosmina,253.7584766,SmCladocera
E19003118zoo,C,118,Bosmina,276.4575236,SmCladocera
E19001118zoo,A,118,Bosmina,378.0315233,SmCladocera
E19004118zoo,D,118,Bosmina,438.8761779,SmCladocera
E19005118zoo,E,118,Bosmina,1057.301473,SmCladocera
E19006118zoo,F,118,Bosmina,6007.84649,SmCladocera
E19004121zoo,D,121,Bosmina,15.877632,SmCladocera
E19001121zoo,A,121,Bosmina,34.01357101,SmCladocera
E19003121zoo,C,121,Bosmina,36.03363323,SmCladocera
E19002121zoo,B,121,Bosmina,43.0556638,SmCladocera
E19006121zoo,F,121,Bosmina,91.15158363,SmCladocera
E19005121zoo,E,121,Bosmina,92.27626253,SmCladocera
E19003123zoo,C,123,Bosmina,371.1772367,SmCladocera
E19001123zoo,A,123,Bosmina,391.6138701,SmCladocera
E19005123zoo,E,123,Bosmina,1312.8543,SmCladocera
E19006123zoo,F,123,Bosmina,1804.878806,SmCladocera
E19002124zoo,B,124,Bosmina,20.529023,SmCladocera
E19003124zoo,C,124,Bosmina,25.43807917,SmCladocera
E19005124zoo,E,124,Chydorus,32.23148767,SmCladocera
E19005124zoo,E,124,Bosmina,49.01360525,SmCladocera
E19004124zoo,D,124,Bosmina,81.78913379,SmCladocera
E19001124zoo,A,124,Bosmina,128.6308978,SmCladocera
E19006124zoo,F,124,Bosmina,596.1138477,SmCladocera
E19001125zoo,A,125,Bosmina,56.76880034,SmCladocera
E19004125zoo,D,125,Bosmina,64.71497793,SmCladocera
E19006125zoo,F,125,Bosmina,392.3704149,SmCladocera
E19004126zoo,D,126,Bosmina,8.930797725,SmCladocera
E19002126zoo,B,126,Chydorus,11.69351456,SmCladocera
E19006126zoo,F,126,Chydorus,39.75456018,SmCladocera
E19001126zoo,A,126,Bosmina,113.1483903,SmCladocera
E19005126zoo,E,126,Bosmina,323.5171925,SmCladocera
E19003126zoo,C,126,Bosmina,365.3993244,SmCladocera
E19006126zoo,F,126,Bosmina,602.5031212,SmCladocera
E19002126zoo,B,126,Bosmina,649.1250767,SmCladocera
E19005127zoo,E,127,Bosmina,383.4073388,SmCladocera
E19006127zoo,F,127,Bosmina,2497.182401,SmCladocera
E19005128zoo,E,128,Chydorus,10.30548333,SmCladocera
E19001128zoo,A,128,Bosmina,188.8715282,SmCladocera
E19005128zoo,E,128,Bosmina,1571.341767,SmCladocera
E19003130zoo,C,130,Chydorus,7.103053634,SmCladocera
E19002130zoo,B,130,Bosmina,13.10488654,SmCladocera
E19003130zoo,C,130,Bosmina,20.42450332,SmCladocera
E19005130zoo,E,130,Bosmina,24.11618003,SmCladocera
E19005130zoo,E,130,Chydorus,36.93380531,SmCladocera
E19004130zoo,D,130,Bosmina,37.29572728,SmCladocera
E19001130zoo,A,130,Bosmina,298.6846402,SmCladocera
E19006130zoo,F,130,Bosmina,3711.176315,SmCladocera
E19006131zoo,F,131,Bosmina,3474.844491,SmCladocera
E19006132zoo,F,132,Chydorus,9.595000699,SmCladocera
E19006132zoo,F,132,Bosmina,411.5122841,SmCladocera
E19001133zoo,A,133,Alonella,0.338396497,SmCladocera
E19005133zoo,E,133,Chydorus,4.2956026,SmCladocera
E19002133zoo,B,133,Bosmina,10.76078303,SmCladocera
E19003133zoo,C,133,Bosmina,17.40592875,SmCladocera
E19001133zoo,A,133,Bosmina,30.20075631,SmCladocera
E19005133zoo,E,133,Bosmina,42.01245559,SmCladocera
E19004133zoo,D,133,Bosmina,70.41891077,SmCladocera
E19006133zoo,F,133,Bosmina,158.2904799,SmCladocera
E19006137zoo,F,137,Bosmina,6.080924392,SmCladocera
E19006137zoo,F,137,Chydorus,9.188929163,SmCladocera
E19001137zoo,A,137,Chydorus,15.67706876,SmCladocera
E19004137zoo,D,137,Chydorus,18.68765334,SmCladocera
E19003137zoo,C,137,Chydorus,28.45013981,SmCladocera
E19002137zoo,B,137,Chydorus,41.54632582,SmCladocera
E19005137zoo,E,137,Bosmina,76.61017608,SmCladocera
E19005137zoo,E,137,Chydorus,158.7374409,SmCladocera
E19002137zoo,B,137,Bosmina,164.7321213,SmCladocera
E19004137zoo,D,137,Bosmina,262.04288,SmCladocera
E19003137zoo,C,137,Bosmina,314.296372,SmCladocera
E19001137zoo,A,137,Bosmina,363.6407284,SmCladocera
E19005140zoo,E,140,Bosmina,1.473133769,SmCladocera
E19006140zoo,F,140,Bosmina,3.914364417,SmCladocera
E19004140zoo,D,140,Bosmina,13.57174028,SmCladocera
E19002140zoo,B,140,Chydorus,14.94817646,SmCladocera
E19003140zoo,C,140,Bosmina,15.44938526,SmCladocera
E19001140zoo,A,140,Bosmina,19.09503885,SmCladocera
E19001140zoo,A,140,Chydorus,26.38388855,SmCladocera
E19002140zoo,B,140,Bosmina,60.6805881,SmCladocera
E19001142zoo,A,142,Chydorus,1.958349513,SmCladocera
E19005142zoo,E,142,Chydorus,3.352744751,SmCladocera
E19003142zoo,C,142,Chydorus,3.575577582,SmCladocera
E19004142zoo,D,142,Chydorus,5.329941775,SmCladocera
E19002142zoo,B,142,Chydorus,5.643016226,SmCladocera
E19005142zoo,E,142,Bosmina,6.161500984,SmCladocera
E19004142zoo,D,142,Bosmina,19.57184251,SmCladocera
E19001142zoo,A,142,Bosmina,20.26759909,SmCladocera
E19003142zoo,C,142,Bosmina,26.02868594,SmCladocera
E19002142zoo,B,142,Bosmina,56.99343428,SmCladocera
E19001144zoo,A,144,Chydorus,3.269193073,SmCladocera
E19004144zoo,D,144,Chydorus,3.441091126,SmCladocera
E19005144zoo,E,144,Bosmina,4.445747815,SmCladocera
E19005144zoo,E,144,Chydorus,4.72381835,SmCladocera
E19006144zoo,F,144,Chydorus,7.934076208,SmCladocera
E19001144zoo,A,144,Bosmina,11.64459095,SmCladocera
E19002144zoo,B,144,Chydorus,14.21813302,SmCladocera
E19003144zoo,C,144,Bosmina,14.77647529,SmCladocera
E19004144zoo,D,144,Bosmina,42.93877751,SmCladocera
E19002144zoo,B,144,Bosmina,181.8969956,SmCladocera
E19001147zoo,A,147,Bosmina,3.72673988,SmCladocera
E19004147zoo,D,147,Bosmina,3.914627676,SmCladocera
E19006147zoo,F,147,Chydorus,9.85787234,SmCladocera
E19004147zoo,D,147,Chydorus,10.9274619,SmCladocera
E19003147zoo,C,147,Bosmina,13.39916543,SmCladocera
E19003147zoo,C,147,Chydorus,22.43090107,SmCladocera
E19002147zoo,B,147,Bosmina,166.496506,SmCladocera
E19005149zoo,E,149,Chydorus,3.210367163,SmCladocera
E19002149zoo,B,149,Chydorus,10.90550967,SmCladocera
E19006149zoo,F,149,Chydorus,24.05230458,SmCladocera
E19004149zoo,D,149,Chydorus,27.27354364,SmCladocera
E19003149zoo,C,149,Chydorus,35.05002768,SmCladocera
E19001149zoo,A,149,Chydorus,60.52896235,SmCladocera
E19002149zoo,B,149,Bosmina,80.49448338,SmCladocera
E19003151zoo,C,151,Bosmina,2.021083689,SmCladocera
E19003151zoo,C,151,Chydorus,2.517759665,SmCladocera
E19001151zoo,A,151,Bosmina,4.325924665,SmCladocera
E19002151zoo,B,151,Bosmina,12.17491855,SmCladocera
E19005151zoo,E,151,Chydorus,12.38875155,SmCladocera
E19001151zoo,A,151,Chydorus,12.77774393,SmCladocera
E19006151zoo,F,151,Chydorus,26.45951724,SmCladocera
E19003154zoo,C,154,Chydorus,1.862245005,SmCladocera
E19001154zoo,A,154,Chydorus,13.22167879,SmCladocera
E19006154zoo,F,154,Chydorus,23.52660711,SmCladocera
E19005154zoo,E,154,Chydorus,42.29899443,SmCladocera
E19005161zoo,E,161,Chydorus,17.6440228,SmCladocera
E19006161zoo,F,161,Chydorus,25.51901028,SmCladocera
E19006168zoo,F,168,Chydorus,14.3448227,SmCladocera
