SAMPLE.ID,LAKE.NO,DOY,TAXON,LENGTH.UM,ABUNDANCE.L,GROUP
E19001115zoo,A,115,Polyarthra,106.0142857,53.89380531,Rotifer
E19001115zoo,A,115,Keratella.cochlearis,123.096,2278.938053,Rotifer
E19001115zoo,A,115,Keratella.quadrata,161.3,7.699115044,Rotifer
E19001115zoo,A,115,Synchaeta,167.32,76.99115044,Rotifer
E19001115zoo,A,115,Nauplii,167.48,261.7699115,Nauplii
E19001115zoo,A,115,Bosmina,370.4222222,69.2920354,SmCladocera
E19001115zoo,A,115,Cyclopoida,547.9416667,92.38938053,Cyclopoid
E19001118zoo,A,118,Polyarthra,79.8,6.814159292,Rotifer
E19001118zoo,A,118,Keratella.cochlearis,103.32,3005.044248,Rotifer
E19001118zoo,A,118,Filinia,137.0333333,20.44247788,Rotifer
E19001118zoo,A,118,Pompholyx,162.4,20.44247788,Rotifer
E19001118zoo,A,118,Synchaeta,167.9,6.814159292,Rotifer
E19001118zoo,A,118,Keratella.quadrata,171.15,13.62831858,Rotifer
E19001118zoo,A,118,Nauplii,185.92,102.2123894,Nauplii
E19001118zoo,A,118,Bosmina,374.876,279.380531,SmCladocera
E19001118zoo,A,118,Cyclopoida,412.664,456.5486726,Cyclopoid
E19001121zoo,A,121,Polyarthra,91.84444444,78.05309735,Rotifer
E19001121zoo,A,121,Keratella.cochlearis,99.856,6807.964602,Rotifer
E19001121zoo,A,121,Filinia,115.5,17.34513274,Rotifer
E19001121zoo,A,121,Keratella.quadrata,149,8.672566372,Rotifer
E19001121zoo,A,121,Conochilus,156.775,34.69026549,Rotifer
E19001121zoo,A,121,Synchaeta,161.35,69.38053097,Rotifer
E19001121zoo,A,121,Nauplii,174.0785714,121.4159292,Nauplii
E19001121zoo,A,121,Bosmina,283.3142857,60.7079646,SmCladocera
E19001121zoo,A,121,Calanoida,338.8,8.672566372,Calanoid
E19001121zoo,A,121,Cyclopoida,356.644,242.8318584,Cyclopoid
E19001123zoo,A,123,Polyarthra,100.9,9.203539823,Rotifer
E19001123zoo,A,123,Keratella.cochlearis,109.224,4707.610619,Rotifer
E19001123zoo,A,123,Filinia,112.4,4.601769912,Rotifer
E19001123zoo,A,123,Pompholyx,137.7333333,13.80530973,Rotifer
E19001123zoo,A,123,Keratella.quadrata,150.2625,36.81415929,Rotifer
E19001123zoo,A,123,Nauplii,201.7666667,59.82300885,Nauplii
E19001123zoo,A,123,Brachionus,203.9,9.203539823,Rotifer
E19001123zoo,A,123,Bosmina,335.68,358.9380531,SmCladocera
E19001123zoo,A,123,Cyclopoida,451.96,823.7168142,Cyclopoid
E19001123zoo,A,123,Calanoida,508,4.601769912,Calanoid
E19001124zoo,A,124,Keratella.cochlearis,79.468,4522.743363,Rotifer
E19001124zoo,A,124,Polyarthra,90.4,4.336283186,Rotifer
E19001124zoo,A,124,Nauplii,135.456,121.4159292,Nauplii
E19001124zoo,A,124,Keratella.quadrata,146.7833333,26.01769912,Rotifer
E19001124zoo,A,124,Bosmina,259.092,273.1858407,SmCladocera
E19001124zoo,A,124,Calanoida,434.2,4.336283186,Calanoid
E19001124zoo,A,124,Cyclopoida,434.312,550.7079646,Cyclopoid
E19001125zoo,A,125,Keratella.cochlearis,75.324,5897.345133,Rotifer
E19001125zoo,A,125,Nauplii,156.1636364,68.14159292,Nauplii
E19001125zoo,A,125,Keratella.quadrata,172.7,24.77876106,Rotifer
E19001125zoo,A,125,Bosmina,235.0333333,148.6725664,SmCladocera
E19001125zoo,A,125,Cyclopoida,435.568,402.6548673,Cyclopoid
E19001125zoo,A,125,Calanoida,459.7,6.194690265,Calanoid
E19001125zoo,A,125,Asplanchna,461.6,6.194690265,Rotifer
E19001126zoo,A,126,Polyarthra,89.85,7.079646018,Rotifer
E19001126zoo,A,126,Keratella.cochlearis,111.14,5992.920354,Rotifer
E19001126zoo,A,126,Nauplii,125.9833333,84.95575221,Nauplii
E19001126zoo,A,126,Keratella.quadrata,163.7111111,31.85840708,Rotifer
E19001126zoo,A,126,Pompholyx,182.15,7.079646018,Rotifer
E19001126zoo,A,126,Asplanchna,311.9,3.539823009,Rotifer
E19001126zoo,A,126,Bosmina,341.148,102.6548673,SmCladocera
E19001126zoo,A,126,Cyclopoida,472.468,169.9115044,Cyclopoid
E19001126zoo,A,126,Camptocercus,518.4,3.539823009,LgCladocera
E19001126zoo,A,126,Calanoida,601.6,3.539823009,Calanoid
E19001128zoo,A,128,Keratella.cochlearis,76.868,3844.247788,Rotifer
E19001128zoo,A,128,Nauplii,125.736,134.5132743,Nauplii
E19001128zoo,A,128,Keratella.quadrata,155,7.079646018,Rotifer
E19001128zoo,A,128,Bosmina,284.78,219.4690265,SmCladocera
E19001128zoo,A,128,Cyclopoida,554.1,173.4513274,Cyclopoid
E19001130zoo,A,130,Keratella.cochlearis,81.788,2340.530973,Rotifer
E19001130zoo,A,130,Nauplii,111.368,208.4955752,Nauplii
E19001130zoo,A,130,Bosmina,297.588,457.3451327,SmCladocera
E19001130zoo,A,130,Cyclopoida,449.024,269.0265487,Cyclopoid
E19001130zoo,A,130,Daphnia,690.3,13.45132743,LgCladocera
E19001133zoo,A,133,Polyarthra,72.7,8.849557522,Rotifer
E19001133zoo,A,133,Nauplii,129.928,380.5309735,Nauplii
E19001133zoo,A,133,Keratella.cochlearis,131.808,1575.221239,Rotifer
E19001133zoo,A,133,Keratella.quadrata,154.3,17.69911504,Rotifer
E19001133zoo,A,133,Alonella,207.9,8.849557522,SmCladocera
E19001133zoo,A,133,Bosmina,275.0428571,61.94690265,SmCladocera
E19001133zoo,A,133,Asplanchna,429.3,17.69911504,Rotifer
E19001133zoo,A,133,Cyclopoida,506.37,88.49557522,Cyclopoid
E19001137zoo,A,137,Keratella.cochlearis,108.572,59.02654867,Rotifer
E19001137zoo,A,137,Nauplii,144.72,67.16814159,Nauplii
E19001137zoo,A,137,Keratella.quadrata,156.6,2.03539823,Rotifer
E19001137zoo,A,137,Bosmina,273,767.3451327,SmCladocera
E19001137zoo,A,137,Chydorus,276.05,8.14159292,SmCladocera
E19001137zoo,A,137,Asplanchna,418.7,10.17699115,Rotifer
E19001137zoo,A,137,Cyclopoida,482.664,52.92035398,Cyclopoid
E19001140zoo,A,140,Pompholyx,75.3,4.955752212,Rotifer
E19001140zoo,A,140,Keratella.cochlearis,90.23333333,74.33628319,Rotifer
E19001140zoo,A,140,Nauplii,144.996,193.2743363,Nauplii
E19001140zoo,A,140,Keratella.quadrata,147,9.911504425,Rotifer
E19001140zoo,A,140,Chydorus,257.1,14.86725664,SmCladocera
E19001140zoo,A,140,Bosmina,286.7714286,34.69026549,SmCladocera
E19001140zoo,A,140,Cyclopoida,451.8636364,109.0265487,Cyclopoid
E19001142zoo,A,142,Polyarthra,75.1,2.300884956,Rotifer
E19001142zoo,A,142,Keratella.cochlearis,86.69090909,25.30973451,Rotifer
E19001142zoo,A,142,Nauplii,131.9,197.8761062,Nauplii
E19001142zoo,A,142,Keratella.quadrata,175.65,4.601769912,Rotifer
E19001142zoo,A,142,Chydorus,215.2,2.300884956,SmCladocera
E19001142zoo,A,142,Bosmina,332.1888889,20.7079646,SmCladocera
E19001142zoo,A,142,Cyclopoida,410.2541667,55.22123894,Cyclopoid
E19001142zoo,A,142,Daphnia,663.092,128.8495575,LgCladocera
E19001144zoo,A,144,Keratella.cochlearis,83.15,11.68141593,Rotifer
E19001144zoo,A,144,Nauplii,136.972,519.8230088,Nauplii
E19001144zoo,A,144,Keratella.quadrata,149.8,11.68141593,Rotifer
E19001144zoo,A,144,Chydorus,187.4,5.840707965,SmCladocera
E19001144zoo,A,144,Bosmina,258.94,29.20353982,SmCladocera
E19001144zoo,A,144,Cyclopoida,347.29,116.8141593,Cyclopoid
E19001144zoo,A,144,Daphnia,657.296,327.079646,LgCladocera
E19001144zoo,A,144,Calanoida,896.15,11.68141593,Calanoid
E19001147zoo,A,147,Keratella.cochlearis,92.5,6.460176991,Rotifer
E19001147zoo,A,147,Keratella.quadrata,153.65,6.460176991,Rotifer
E19001147zoo,A,147,Nauplii,165,151.8141593,Nauplii
E19001147zoo,A,147,Bosmina,287.45,6.460176991,SmCladocera
E19001147zoo,A,147,Cyclopoida,495.55,6.460176991,Cyclopoid
E19001147zoo,A,147,Calanoida,557.9,19.38053097,Calanoid
E19001147zoo,A,147,Daphnia,912.4333333,29.07079646,LgCladocera
E19001149zoo,A,149,Keratella.cochlearis,99.66666667,9.292035398,Rotifer
E19001149zoo,A,149,Nauplii,143.16,108.4070796,Nauplii
E19001149zoo,A,149,Chydorus,256.8083333,37.16814159,SmCladocera
E19001149zoo,A,149,Calanoida,426.5866667,46.46017699,Calanoid
E19001149zoo,A,149,Cyclopoida,522.0695652,71.23893805,Cyclopoid
E19001151zoo,A,151,Kellicottia,72.1,4.247787611,Rotifer
E19001151zoo,A,151,Nauplii,135.048,157.1681416,Nauplii
E19001151zoo,A,151,Keratella.cochlearis,146.55,25.48672566,Rotifer
E19001151zoo,A,151,Chydorus,249.55,8.495575221,SmCladocera
E19001151zoo,A,151,Bosmina,282.55,8.495575221,SmCladocera
E19001151zoo,A,151,Calanoida,648.692,152.920354,Calanoid
E19001151zoo,A,151,Daphnia,734.5565217,97.69911504,LgCladocera
E19001154zoo,A,154,Nauplii,138.0125,93.45132743,Nauplii
E19001154zoo,A,154,Synchaeta,150,17.52212389,Rotifer
E19001154zoo,A,154,Keratella.quadrata,163.925,23.36283186,Rotifer
E19001154zoo,A,154,Chydorus,297.2,5.840707965,SmCladocera
E19001154zoo,A,154,Cyclopoida,413.5,5.840707965,Cyclopoid
E19001154zoo,A,154,Calanoida,554.0466667,87.61061947,Calanoid
E19001154zoo,A,154,Daphnia,998.48,157.699115,LgCladocera
E19001161zoo,A,161,Keratella.quadrata,151.9333333,60.53097345,Rotifer
E19001161zoo,A,161,Keratella.cochlearis,156.2,35.30973451,Rotifer
E19001161zoo,A,161,Nauplii,172.188,332.920354,Nauplii
E19001161zoo,A,161,Cyclopoida,629.3,5.044247788,Cyclopoid
E19001161zoo,A,161,Calanoida,665.408,161.4159292,Calanoid
E19001161zoo,A,161,Daphnia,673.275,20.17699115,LgCladocera
E19001168zoo,A,168,Keratella.cochlearis,133.2,3.716814159,Rotifer
E19001168zoo,A,168,Nauplii,150.272,152.3893805,Nauplii
E19001168zoo,A,168,Keratella.quadrata,154.6,7.433628319,Rotifer
E19001168zoo,A,168,Daphnia,586.84,18.5840708,LgCladocera
E19001168zoo,A,168,Calanoida,646.376,104.0707965,Calanoid
E19001170zoo,A,170,Keratella.cochlearis,126.48,23.45132743,Rotifer
E19001170zoo,A,170,Nauplii,168.06,117.2566372,Nauplii
E19001170zoo,A,170,Chydorus,244.4857143,65.66371681,SmCladocera
E19001170zoo,A,170,Bosmina,288.65,9.380530973,SmCladocera
E19001170zoo,A,170,Cyclopoida,386.98,23.45132743,Cyclopoid
E19001170zoo,A,170,Calanoida,589.2923077,60.97345133,Calanoid
E19001170zoo,A,170,Daphnia,715.1333333,14.07079646,LgCladocera
E19001179zoo,A,179,Monostyla,126.7,2.920353982,Rotifer
E19001179zoo,A,179,Keratella.quadrata,133.1,2.920353982,Rotifer
E19001179zoo,A,179,Keratella.cochlearis,151.4,11.68141593,Rotifer
E19001179zoo,A,179,Conochilus,159.8,2.920353982,Rotifer
E19001179zoo,A,179,Nauplii,181.172,93.45132743,Nauplii
E19001179zoo,A,179,Ceriodaphnia,250.5,2.920353982,LgCladocera
E19001179zoo,A,179,Chydorus,271.9,2.920353982,SmCladocera
E19001179zoo,A,179,Bosmina,304.1,2.920353982,SmCladocera
E19001179zoo,A,179,Calanoida,784.788,122.6548673,Calanoid
E19001182zoo,A,182,Lecane,102.1,1.097345133,Rotifer
E19001182zoo,A,182,Brachionus,104.2,1.097345133,Rotifer
E19001182zoo,A,182,Nauplii,176.75,21.94690265,Nauplii
E19001182zoo,A,182,Keratella.cochlearis,180.4,3.292035398,Rotifer
E19001182zoo,A,182,Chydorus,187.9,1.097345133,SmCladocera
E19001182zoo,A,182,Ceriodaphnia,368.15,10.97345133,LgCladocera
E19001182zoo,A,182,Cyclopoida,610.2333333,6.584070796,Cyclopoid
E19001182zoo,A,182,Calanoida,815.348,30.72566372,Calanoid
E19001196zoo,A,196,Polyarthra,83.16666667,5.442477876,Rotifer
E19001196zoo,A,196,Keratella.cochlearis,120,3.628318584,Rotifer
E19001196zoo,A,196,Nauplii,139.444,126.9911504,Nauplii
E19001196zoo,A,196,Diaphanosoma,314.7,1.814159292,LgCladocera
E19001196zoo,A,196,Calanoida,867.2909091,19.95575221,Calanoid
E19001204zoo,A,204,Keratella.quadrata,139,2.079646018,Rotifer
E19001204zoo,A,204,Nauplii,175.6125,49.91150442,Nauplii
E19001204zoo,A,204,Platyias,216.2,4.159292035,Rotifer
E19001204zoo,A,204,Chydorus,230.3,4.159292035,SmCladocera
E19001204zoo,A,204,Ceriodaphnia,337.65,24.95575221,LgCladocera
E19001204zoo,A,204,Cyclopoida,419.8733333,31.19469027,Cyclopoid
E19001204zoo,A,204,Diaphanosoma,472.4666667,6.238938053,LgCladocera
E19001204zoo,A,204,Calanoida,694.6777778,18.71681416,Calanoid
E19002115zoo,B,115,Polyarthra,114.54,29.6460177,Rotifer
E19002115zoo,B,115,Keratella.cochlearis,135.096,1980.353982,Rotifer
E19002115zoo,B,115,Filinia,139.6,5.92920354,Rotifer
E19002115zoo,B,115,Nauplii,181.26,249.0265487,Nauplii
E19002115zoo,B,115,Synchaeta,206.4,5.92920354,Rotifer
E19002115zoo,B,115,Chydorus,240.3,5.92920354,SmCladocera
E19002115zoo,B,115,Bosmina,346.725,47.43362832,SmCladocera
E19002115zoo,B,115,Cyclopoida,475.752,142.300885,Cyclopoid
E19002118zoo,B,118,Keratella.cochlearis,76.532,3981.415929,Rotifer
E19002118zoo,B,118,Filinia,118.1,9.734513274,Rotifer
E19002118zoo,B,118,Nauplii,155.76,204.4247788,Nauplii
E19002118zoo,B,118,Bosmina,296.464,369.9115044,SmCladocera
E19002118zoo,B,118,Cyclopoida,457.076,837.1681416,Cyclopoid
E19002121zoo,B,121,Polyarthra,91.16666667,29.73451327,Rotifer
E19002121zoo,B,121,Keratella.cochlearis,101.376,6819.115044,Rotifer
E19002121zoo,B,121,Conochilus,124.7,9.911504425,Rotifer
E19002121zoo,B,121,Keratella.quadrata,147.275,39.6460177,Rotifer
E19002121zoo,B,121,Nauplii,148.2642857,138.7610619,Nauplii
E19002121zoo,B,121,Filinia,153.2666667,29.73451327,Rotifer
E19002121zoo,B,121,Synchaeta,161.2,168.4955752,Rotifer
E19002121zoo,B,121,Bosmina,288.225,79.2920354,SmCladocera
E19002121zoo,B,121,Cyclopoida,416,287.4336283,Cyclopoid
E19002124zoo,B,124,Keratella.cochlearis,83.792,6178.053097,Rotifer
E19002124zoo,B,124,Keratella.quadrata,153.55,21.94690265,Rotifer
E19002124zoo,B,124,Nauplii,209.5285714,38.40707965,Nauplii
E19002124zoo,B,124,Bosmina,259.7777778,49.38053097,SmCladocera
E19002124zoo,B,124,Cyclopoida,440.344,384.0707965,Cyclopoid
E19002126zoo,B,126,Keratella.cochlearis,88.976,7054.513274,Rotifer
E19002126zoo,B,126,Nauplii,115.8166667,96.63716814,Nauplii
E19002126zoo,B,126,Keratella.quadrata,142.1666667,48.31858407,Rotifer
E19002126zoo,B,126,Chydorus,204.2,16.10619469,SmCladocera
E19002126zoo,B,126,Bosmina,357.924,499.2920354,SmCladocera
E19002126zoo,B,126,Cyclopoida,512.58,418.7610619,Cyclopoid
E19002130zoo,B,130,Keratella.cochlearis,96.872,3044.070796,Rotifer
E19002130zoo,B,130,Nauplii,123.016,227.7876106,Nauplii
E19002130zoo,B,130,Keratella.quadrata,165.8,27.61061947,Rotifer
E19002130zoo,B,130,Bosmina,297.7666667,20.7079646,SmCladocera
E19002130zoo,B,130,Asplanchna,506.8,13.80530973,Rotifer
E19002130zoo,B,130,Cyclopoida,526.768,262.300885,Cyclopoid
E19002130zoo,B,130,Daphnia,861.7,6.902654867,LgCladocera
E19002133zoo,B,133,Polyarthra,93.55,11.50442478,Rotifer
E19002133zoo,B,133,Keratella.cochlearis,127.452,1817.699115,Rotifer
E19002133zoo,B,133,Nauplii,132.212,189.8230088,Nauplii
E19002133zoo,B,133,Keratella.quadrata,156.4125,46.01769912,Rotifer
E19002133zoo,B,133,Bosmina,274.6,23.00884956,SmCladocera
E19002133zoo,B,133,Asplanchna,364.5333333,17.25663717,Rotifer
E19002133zoo,B,133,Cyclopoida,509.8466667,86.28318584,Cyclopoid
E19002137zoo,B,137,Pompholyx,93.7,2.920353982,Rotifer
E19002137zoo,B,137,Polyarthra,94.9,8.761061947,Rotifer
E19002137zoo,B,137,Keratella.cochlearis,100.456,75.92920354,Rotifer
E19002137zoo,B,137,Nauplii,136.436,110.9734513,Nauplii
E19002137zoo,B,137,Keratella.quadrata,159.8,11.68141593,Rotifer
E19002137zoo,B,137,Synchaeta,169.05,29.20353982,Rotifer
E19002137zoo,B,137,Chydorus,243.83,29.20353982,SmCladocera
E19002137zoo,B,137,Bosmina,286.536,303.7168142,SmCladocera
E19002137zoo,B,137,Asplanchna,390.3444444,26.28318584,Rotifer
E19002137zoo,B,137,Cyclopoida,513.9375,23.36283186,Cyclopoid
E19002140zoo,B,140,Polyarthra,84.1125,53.09734513,Rotifer
E19002140zoo,B,140,Keratella.cochlearis,88.87777778,59.73451327,Rotifer
E19002140zoo,B,140,Keratella.quadrata,140.5,6.637168142,Rotifer
E19002140zoo,B,140,Nauplii,156.1363636,146.0176991,Nauplii
E19002140zoo,B,140,Chydorus,296.7,6.637168142,SmCladocera
E19002140zoo,B,140,Asplanchna,354,19.91150442,Rotifer
E19002140zoo,B,140,Bosmina,375.6714286,46.46017699,SmCladocera
E19002140zoo,B,140,Cyclopoida,430.25,26.54867257,Cyclopoid
E19002140zoo,B,140,Daphnia,918,13.27433628,LgCladocera
E19002140zoo,B,140,Calanoida,1276.5,26.54867257,Calanoid
E19002142zoo,B,142,Keratella.cochlearis,88.58,10.17699115,Rotifer
E19002142zoo,B,142,Polyarthra,90.14117647,34.60176991,Rotifer
E19002142zoo,B,142,Nauplii,133.984,89.55752212,Nauplii
E19002142zoo,B,142,Keratella.quadrata,145.825,8.14159292,Rotifer
E19002142zoo,B,142,Chydorus,252.75,4.07079646,SmCladocera
E19002142zoo,B,142,Cyclopoida,304.8428571,14.24778761,Cyclopoid
E19002142zoo,B,142,Bosmina,333.88,59.02654867,SmCladocera
E19002142zoo,B,142,Daphnia,599.4428571,14.24778761,LgCladocera
E19002144zoo,B,144,Keratella.cochlearis,81.8,7.787610619,Rotifer
E19002144zoo,B,144,Nauplii,134.1909091,85.66371681,Nauplii
E19002144zoo,B,144,Keratella.quadrata,153.7666667,11.68141593,Rotifer
E19002144zoo,B,144,Bosmina,230.072,471.1504425,SmCladocera
E19002144zoo,B,144,Chydorus,348,3.89380531,SmCladocera
E19002144zoo,B,144,Cyclopoida,361.88,19.46902655,Cyclopoid
E19002144zoo,B,144,Diaphanosoma,377.5,3.89380531,LgCladocera
E19002144zoo,B,144,Asplanchna,442.1,3.89380531,Rotifer
E19002144zoo,B,144,Daphnia,569.625,15.57522124,LgCladocera
E19002147zoo,B,147,Keratella.cochlearis,88.01666667,37.16814159,Rotifer
E19002147zoo,B,147,Lecane,111.7,6.194690265,Rotifer
E19002147zoo,B,147,Nauplii,141.4333333,130.0884956,Nauplii
E19002147zoo,B,147,Keratella.quadrata,147.85,12.38938053,Rotifer
E19002147zoo,B,147,Synchaeta,165.8529412,105.3097345,Rotifer
E19002147zoo,B,147,Ceriodaphnia,264.7,6.194690265,LgCladocera
E19002147zoo,B,147,Bosmina,329.272,185.840708,SmCladocera
E19002147zoo,B,147,Cyclopoida,549,6.194690265,Cyclopoid
E19002147zoo,B,147,Daphnia,612.9,24.77876106,LgCladocera
E19002147zoo,B,147,Calanoida,1446,6.194690265,Calanoid
E19002149zoo,B,149,Polyarthra,80.67894737,48.76106195,Rotifer
E19002149zoo,B,149,Keratella.cochlearis,101.13,25.66371681,Rotifer
E19002149zoo,B,149,Lecane,104.8,5.132743363,Rotifer
E19002149zoo,B,149,Nauplii,116.912,87.25663717,Nauplii
E19002149zoo,B,149,Pompholyx,132.9736842,48.76106195,Rotifer
E19002149zoo,B,149,Synchaeta,136.8058824,43.62831858,Rotifer
E19002149zoo,B,149,Conochilus,144,2.566371681,Rotifer
E19002149zoo,B,149,Keratella.quadrata,148,20.53097345,Rotifer
E19002149zoo,B,149,Chydorus,229.075,10.26548673,SmCladocera
E19002149zoo,B,149,Ceriodaphnia,268.6,2.566371681,LgCladocera
E19002149zoo,B,149,Bosmina,347.68,79.55752212,SmCladocera
E19002149zoo,B,149,Calanoida,390.4,2.566371681,Calanoid
E19002149zoo,B,149,Asplanchna,467.4,2.566371681,Rotifer
E19002149zoo,B,149,Daphnia,488.7666667,7.699115044,LgCladocera
E19002151zoo,B,151,Keratella.cochlearis,86.71666667,19.6460177,Rotifer
E19002151zoo,B,151,Nauplii,159.828,108.0530973,Nauplii
E19002151zoo,B,151,Keratella.quadrata,162.6666667,9.82300885,Rotifer
E19002151zoo,B,151,Diaphanosoma,287.0666667,9.82300885,LgCladocera
E19002151zoo,B,151,Bosmina,360.5333333,9.82300885,SmCladocera
E19002151zoo,B,151,Asplanchna,378.5,3.274336283,Rotifer
E19002151zoo,B,151,Cyclopoida,495.0666667,9.82300885,Cyclopoid
E19002151zoo,B,151,Daphnia,501.65,52.38938053,LgCladocera
E19002151zoo,B,151,Calanoida,904.6,3.274336283,Calanoid
E19002154zoo,B,154,Filinia,125.4,4.513274336,Rotifer
E19002154zoo,B,154,Keratella.cochlearis,132,13.53982301,Rotifer
E19002154zoo,B,154,Keratella.quadrata,146.54,22.56637168,Rotifer
E19002154zoo,B,154,Synchaeta,148.7833333,27.07964602,Rotifer
E19002154zoo,B,154,Pompholyx,150.4666667,13.53982301,Rotifer
E19002154zoo,B,154,Nauplii,154.476,306.9026549,Nauplii
E19002154zoo,B,154,Cyclopoida,303.8,4.513274336,Cyclopoid
E19002154zoo,B,154,Ceriodaphnia,340.5125,36.10619469,LgCladocera
E19002154zoo,B,154,Calanoida,434.8888889,40.61946903,Calanoid
E19002161zoo,B,161,Pompholyx,85.9,5.398230088,Rotifer
E19002161zoo,B,161,Brachionus,98.3,5.398230088,Rotifer
E19002161zoo,B,161,Lecane,109,5.398230088,Rotifer
E19002161zoo,B,161,Monostyla,116.8,10.79646018,Rotifer
E19002161zoo,B,161,Nauplii,143.452,145.7522124,Nauplii
E19002161zoo,B,161,Keratella.quadrata,145.5875,43.18584071,Rotifer
E19002161zoo,B,161,Keratella.cochlearis,149.0166667,64.77876106,Rotifer
E19002161zoo,B,161,Cyclopoida,380.4,10.79646018,Cyclopoid
E19002161zoo,B,161,Ceriodaphnia,394.6066667,80.97345133,LgCladocera
E19002161zoo,B,161,Calanoida,548.49,53.98230088,Calanoid
E19002161zoo,B,161,Daphnia,688.3875,43.18584071,LgCladocera
E19002168zoo,B,168,Keratella.cochlearis,138.524,193.2743363,Rotifer
E19002168zoo,B,168,Nauplii,148.2,237.8761062,Nauplii
E19002168zoo,B,168,Keratella.quadrata,153.1,4.955752212,Rotifer
E19002168zoo,B,168,Ceriodaphnia,378.52,74.33628319,LgCladocera
E19002168zoo,B,168,Calanoida,651.2142857,34.69026549,Calanoid
E19002168zoo,B,168,Daphnia,749.9,4.955752212,LgCladocera
E19002170zoo,B,170,Pompholyx,67.1,3.274336283,Rotifer
E19002170zoo,B,170,Polyarthra,84.86,16.37168142,Rotifer
E19002170zoo,B,170,Keratella.quadrata,129.4,16.37168142,Rotifer
E19002170zoo,B,170,Keratella.cochlearis,143.7111111,58.9380531,Rotifer
E19002170zoo,B,170,Nauplii,163.7956522,75.30973451,Nauplii
E19002170zoo,B,170,Chydorus,232.55,6.548672566,SmCladocera
E19002170zoo,B,170,Bosmina,282.9571429,22.92035398,SmCladocera
E19002170zoo,B,170,Ceriodaphnia,309.55,6.548672566,LgCladocera
E19002170zoo,B,170,Cyclopoida,385.425,13.09734513,Cyclopoid
E19002170zoo,B,170,Calanoida,554.5666667,9.82300885,Calanoid
E19002179zoo,B,179,Polyarthra,104.5,4.513274336,Rotifer
E19002179zoo,B,179,Keratella.quadrata,131.7666667,13.53982301,Rotifer
E19002179zoo,B,179,Conochilus,143.6666667,13.53982301,Rotifer
E19002179zoo,B,179,Keratella.cochlearis,151.132,212.1238938,Rotifer
E19002179zoo,B,179,Nauplii,173.36,135.3982301,Nauplii
E19002179zoo,B,179,Chydorus,247.3,4.513274336,SmCladocera
E19002179zoo,B,179,Bosmina,250.8214286,63.18584071,SmCladocera
E19002179zoo,B,179,Cyclopoida,293.625,18.05309735,Cyclopoid
E19002179zoo,B,179,Ceriodaphnia,314.4333333,13.53982301,LgCladocera
E19002179zoo,B,179,Calanoida,839.79375,72.21238938,Calanoid
E19002182zoo,B,182,Conochilus,92.95,22.65486726,Rotifer
E19002182zoo,B,182,Keratella.cochlearis,138.096,322.8318584,Rotifer
E19002182zoo,B,182,Nauplii,174.28,84.95575221,Nauplii
E19002182zoo,B,182,Ceriodaphnia,251.9,5.663716814,LgCladocera
E19002182zoo,B,182,Cyclopoida,290.05,11.32743363,Cyclopoid
E19002182zoo,B,182,Calanoida,603.9,5.663716814,Calanoid
E19002196zoo,B,196,Pompholyx,107.2,2.03539823,Rotifer
E19002196zoo,B,196,Keratella.cochlearis,135.8571429,14.24778761,Rotifer
E19002196zoo,B,196,Nauplii,163.952,63.09734513,Nauplii
E19002196zoo,B,196,Trichocerca,168.8,2.03539823,Rotifer
E19002196zoo,B,196,Euchlanis,171.8,2.03539823,Rotifer
E19002196zoo,B,196,Bosmina,228.76,10.17699115,SmCladocera
E19002196zoo,B,196,Chydorus,270.2,16.28318584,SmCladocera
E19002196zoo,B,196,Ceriodaphnia,308.45,12.21238938,LgCladocera
E19002196zoo,B,196,Diaphanosoma,368.4,2.03539823,LgCladocera
E19002196zoo,B,196,Cyclopoida,519.1583333,24.42477876,Cyclopoid
E19002196zoo,B,196,Calanoida,752.525,16.28318584,Calanoid
E19002204zoo,B,204,Keratella.cochlearis,135.375,13.80530973,Rotifer
E19002204zoo,B,204,Mytilina,159,3.451327434,Rotifer
E19002204zoo,B,204,Nauplii,164.112,169.1150442,Nauplii
E19002204zoo,B,204,Chydorus,260.35,27.61061947,SmCladocera
E19002204zoo,B,204,Diaphanosoma,315.4,3.451327434,LgCladocera
E19002204zoo,B,204,Cyclopoida,566.5636364,75.92920354,Cyclopoid
E19002204zoo,B,204,Ceriodaphnia,613.4,3.451327434,LgCladocera
E19002204zoo,B,204,Calanoida,921.7,3.451327434,Calanoid
E19003115zoo,C,115,Pompholyx,92.2,5.044247788,Rotifer
E19003115zoo,C,115,Polyarthra,114.6916667,60.53097345,Rotifer
E19003115zoo,C,115,Keratella.cochlearis,132.564,1054.247788,Rotifer
E19003115zoo,C,115,Filinia,144.6,5.044247788,Rotifer
E19003115zoo,C,115,Conochilus,151.3,5.044247788,Rotifer
E19003115zoo,C,115,Nauplii,169.164,226.9911504,Nauplii
E19003115zoo,C,115,Bosmina,379.1727273,55.48672566,SmCladocera
E19003115zoo,C,115,Cyclopoida,480.9818182,55.48672566,Cyclopoid
E19003115zoo,C,115,Calanoida,863.7,5.044247788,Calanoid
E19003118zoo,C,118,Polyarthra,93.1375,36.10619469,Rotifer
E19003118zoo,C,118,Keratella.cochlearis,100.36,2229.557522,Rotifer
E19003118zoo,C,118,Pompholyx,117.8,4.513274336,Rotifer
E19003118zoo,C,118,Keratella.quadrata,162.6,9.026548673,Rotifer
E19003118zoo,C,118,Nauplii,173.812,270.7964602,Nauplii
E19003118zoo,C,118,Synchaeta,207.3,9.026548673,Rotifer
E19003118zoo,C,118,Bosmina,385.736,180.5309735,SmCladocera
E19003118zoo,C,118,Cyclopoida,561.308,415.2212389,Cyclopoid
E19003118zoo,C,118,Calanoida,611.7,13.53982301,Calanoid
E19003118zoo,C,118,Daphnia,832.5,4.513274336,LgCladocera
E19003121zoo,C,121,Polyarthra,102.2833333,33.98230088,Rotifer
E19003121zoo,C,121,Keratella.cochlearis,109.56,1914.336283,Rotifer
E19003121zoo,C,121,Pompholyx,109.9,5.663716814,Rotifer
E19003121zoo,C,121,Keratella.quadrata,147.2666667,16.99115044,Rotifer
E19003121zoo,C,121,Conochilus,168,5.663716814,Rotifer
E19003121zoo,C,121,Synchaeta,171.6733333,84.95575221,Rotifer
E19003121zoo,C,121,Nauplii,172.1,96.28318584,Nauplii
E19003121zoo,C,121,Bosmina,291.97,56.63716814,SmCladocera
E19003121zoo,C,121,Cyclopoida,455.66875,90.61946903,Cyclopoid
E19003123zoo,C,123,Keratella.cochlearis,80.32,4019.734513,Rotifer
E19003123zoo,C,123,Keratella.quadrata,133.6,21.68141593,Rotifer
E19003123zoo,C,123,Nauplii,189.8875,34.69026549,Nauplii
E19003123zoo,C,123,Bosmina,284.684,572.3893805,SmCladocera
E19003123zoo,C,123,Cyclopoida,462.912,771.8584071,Cyclopoid
E19003123zoo,C,123,Calanoida,639.5625,34.69026549,Calanoid
E19003124zoo,C,124,Keratella.cochlearis,86.548,2067.522124,Rotifer
E19003124zoo,C,124,Keratella.quadrata,155.8,16.19469027,Rotifer
E19003124zoo,C,124,Nauplii,179.4333333,32.38938053,Nauplii
E19003124zoo,C,124,Bosmina,281.5777778,48.5840708,SmCladocera
E19003124zoo,C,124,Cyclopoida,446.564,205.1327434,Cyclopoid
E19003124zoo,C,124,Calanoida,583.775,21.59292035,Calanoid
E19003126zoo,C,126,Keratella.cochlearis,79.268,4426.548673,Rotifer
E19003126zoo,C,126,Keratella.quadrata,149.52,36.28318584,Rotifer
E19003126zoo,C,126,Nauplii,151.1909091,79.82300885,Nauplii
E19003126zoo,C,126,Bosmina,329.064,312.0353982,SmCladocera
E19003126zoo,C,126,Cyclopoida,481.744,377.3451327,Cyclopoid
E19003126zoo,C,126,Calanoida,745.9,21.7699115,Calanoid
E19003130zoo,C,130,Keratella.cochlearis,102.456,254.9557522,Rotifer
E19003130zoo,C,130,Nauplii,159.6166667,35.57522124,Nauplii
E19003130zoo,C,130,Keratella.quadrata,172.1,23.71681416,Rotifer
E19003130zoo,C,130,Chydorus,240.9,5.92920354,SmCladocera
E19003130zoo,C,130,Synchaeta,261.3,5.92920354,Rotifer
E19003130zoo,C,130,Bosmina,304.86,29.6460177,SmCladocera
E19003130zoo,C,130,Calanoida,433.3,5.92920354,Calanoid
E19003130zoo,C,130,Cyclopoida,534.6142857,41.50442478,Cyclopoid
E19003130zoo,C,130,Daphnia,706.7,5.92920354,LgCladocera
E19003133zoo,C,133,Polyarthra,88.01111111,68.49557522,Rotifer
E19003133zoo,C,133,Keratella.cochlearis,92.124,2671.327434,Rotifer
E19003133zoo,C,133,Nauplii,130.8347826,175.0442478,Nauplii
E19003133zoo,C,133,Keratella.quadrata,171.275,30.44247788,Rotifer
E19003133zoo,C,133,Bosmina,272,38.05309735,SmCladocera
E19003133zoo,C,133,Asplanchna,406.45,30.44247788,Rotifer
E19003133zoo,C,133,Cyclopoida,527.3166667,45.66371681,Cyclopoid
E19003137zoo,C,137,Keratella.cochlearis,99.436,130.5309735,Rotifer
E19003137zoo,C,137,Nauplii,148.016,79.6460177,Nauplii
E19003137zoo,C,137,Keratella.quadrata,155.1928571,30.97345133,Rotifer
E19003137zoo,C,137,Synchaeta,191.9625,17.69911504,Rotifer
E19003137zoo,C,137,Chydorus,246.825,17.69911504,SmCladocera
E19003137zoo,C,137,Bosmina,290.488,537.6106195,SmCladocera
E19003137zoo,C,137,Asplanchna,448.17,22.12389381,Rotifer
E19003137zoo,C,137,Cyclopoida,488.2571429,15.48672566,Cyclopoid
E19003137zoo,C,137,Daphnia,561.9,2.212389381,LgCladocera
E19003140zoo,C,140,Polyarthra,79.42,19.46902655,Rotifer
E19003140zoo,C,140,Brachionus,86.3,3.89380531,Rotifer
E19003140zoo,C,140,Keratella.cochlearis,89.828,144.0707965,Rotifer
E19003140zoo,C,140,Nauplii,146.1916667,93.45132743,Nauplii
E19003140zoo,C,140,Keratella.quadrata,160.4,7.787610619,Rotifer
E19003140zoo,C,140,Bosmina,298.7166667,23.36283186,SmCladocera
E19003140zoo,C,140,Cyclopoida,502.3,7.787610619,Cyclopoid
E19003140zoo,C,140,Asplanchna,605.5,3.89380531,Rotifer
E19003140zoo,C,140,Daphnia,692.1,3.89380531,LgCladocera
E19003142zoo,C,142,Keratella.cochlearis,82.45,26.90265487,Rotifer
E19003142zoo,C,142,Polyarthra,86.9,3.362831858,Rotifer
E19003142zoo,C,142,Nauplii,121.504,174.8672566,Nauplii
E19003142zoo,C,142,Chydorus,231.6,3.362831858,SmCladocera
E19003142zoo,C,142,Cyclopoida,312.1666667,10.08849558,Cyclopoid
E19003142zoo,C,142,Bosmina,354.3428571,23.53982301,SmCladocera
E19003142zoo,C,142,Asplanchna,420.25,6.725663717,Rotifer
E19003142zoo,C,142,Daphnia,606.308,110.9734513,LgCladocera
E19003142zoo,C,142,Calanoida,984.5666667,10.08849558,Calanoid
E19003144zoo,C,144,Keratella.cochlearis,92.25,21.23893805,Rotifer
E19003144zoo,C,144,Nauplii,142.6681818,116.8141593,Nauplii
E19003144zoo,C,144,Bosmina,284.74,26.54867257,SmCladocera
E19003144zoo,C,144,Cyclopoida,564.4666667,15.92920354,Cyclopoid
E19003144zoo,C,144,Daphnia,612.532,191.1504425,LgCladocera
E19003144zoo,C,144,Calanoida,993.0666667,15.92920354,Calanoid
E19003147zoo,C,147,Keratella.cochlearis,98.9,20.44247788,Rotifer
E19003147zoo,C,147,Nauplii,148.724,177.1681416,Nauplii
E19003147zoo,C,147,Asplanchna,166.55,27.25663717,Rotifer
E19003147zoo,C,147,Chydorus,256.8,13.62831858,SmCladocera
E19003147zoo,C,147,Bosmina,435.1,6.814159292,SmCladocera
E19003147zoo,C,147,Daphnia,767.396,183.9823009,LgCladocera
E19003147zoo,C,147,Cyclopoida,1163.5,6.814159292,Cyclopoid
E19003147zoo,C,147,Calanoida,1226,74.95575221,Calanoid
E19003149zoo,C,149,Keratella.cochlearis,86.34,11.50442478,Rotifer
E19003149zoo,C,149,Keratella.quadrata,144.9,13.80530973,Rotifer
E19003149zoo,C,149,Nauplii,163.904,94.33628319,Nauplii
E19003149zoo,C,149,Chydorus,249.82,23.00884956,SmCladocera
E19003149zoo,C,149,Calanoida,572.86,11.50442478,Calanoid
E19003149zoo,C,149,Cyclopoida,584.5,11.50442478,Cyclopoid
E19003149zoo,C,149,Daphnia,615.26,11.50442478,LgCladocera
E19003151zoo,C,151,Keratella.cochlearis,86.42,10.17699115,Rotifer
E19003151zoo,C,151,Nauplii,118.668,120.0884956,Nauplii
E19003151zoo,C,151,Keratella.quadrata,131.4,4.07079646,Rotifer
E19003151zoo,C,151,Chydorus,193.1,4.07079646,SmCladocera
E19003151zoo,C,151,Bosmina,279.35,4.07079646,SmCladocera
E19003151zoo,C,151,Daphnia,496.2,2.03539823,LgCladocera
E19003151zoo,C,151,Calanoida,584.3,14.24778761,Calanoid
E19003151zoo,C,151,Cyclopoida,828.1,4.07079646,Cyclopoid
E19003154zoo,C,154,Nauplii,148.2,153.3185841,Nauplii
E19003154zoo,C,154,Keratella.quadrata,160.46,9.955752212,Rotifer
E19003154zoo,C,154,Chydorus,222,1.991150442,SmCladocera
E19003154zoo,C,154,Cyclopoida,569.8,3.982300885,Cyclopoid
E19003154zoo,C,154,Calanoida,579.908,51.7699115,Calanoid
E19003154zoo,C,154,Daphnia,694.2,3.982300885,LgCladocera
E19003161zoo,C,161,Brachionus,92.1,15.39823009,Rotifer
E19003161zoo,C,161,Keratella.cochlearis,140.15,10.26548673,Rotifer
E19003161zoo,C,161,Nauplii,151.092,164.2477876,Nauplii
E19003161zoo,C,161,Keratella.quadrata,156.6571429,35.92920354,Rotifer
E19003161zoo,C,161,Cyclopoida,304.6272727,56.46017699,Cyclopoid
E19003161zoo,C,161,Ceriodaphnia,353.2083333,61.59292035,LgCladocera
E19003161zoo,C,161,Calanoida,526.65,20.53097345,Calanoid
E19003161zoo,C,161,Daphnia,595.4,10.26548673,LgCladocera
E19003168zoo,C,168,Nauplii,122.76,70.39823009,Nauplii
E19003168zoo,C,168,Keratella.cochlearis,152.8,1.902654867,Rotifer
E19003168zoo,C,168,Keratella.quadrata,161.45,3.805309735,Rotifer
E19003168zoo,C,168,Cyclopoida,306.5,3.805309735,Cyclopoid
E19003168zoo,C,168,Ceriodaphnia,457.95,11.4159292,LgCladocera
E19003168zoo,C,168,Daphnia,658.6,5.707964602,LgCladocera
E19003168zoo,C,168,Calanoida,780.375,22.83185841,Calanoid
E19003170zoo,C,170,Brachionus,67.4,6.017699115,Rotifer
E19003170zoo,C,170,Pompholyx,87.25,12.03539823,Rotifer
E19003170zoo,C,170,Keratella.cochlearis,103.5666667,18.05309735,Rotifer
E19003170zoo,C,170,Keratella.quadrata,135.4,6.017699115,Rotifer
E19003170zoo,C,170,Nauplii,148.3058824,102.300885,Nauplii
E19003170zoo,C,170,Chydorus,255.5388889,108.3185841,SmCladocera
E19003170zoo,C,170,Bosmina,278.2666667,18.05309735,SmCladocera
E19003170zoo,C,170,Ceriodaphnia,408.95,12.03539823,LgCladocera
E19003170zoo,C,170,Cyclopoida,468.8461538,78.2300885,Cyclopoid
E19003170zoo,C,170,Calanoida,578,6.017699115,Calanoid
E19003170zoo,C,170,Simocephalus,866.55,12.03539823,LgCladocera
E19003172zoo,C,172,Keratella.cochlearis,96.5,5.368731563,Rotifer
E19003172zoo,C,172,Pompholyx,114.4,2.684365782,Rotifer
E19003172zoo,C,172,Keratella.quadrata,140.6333333,8.053097345,Rotifer
E19003172zoo,C,172,Nauplii,156.035,53.68731563,Nauplii
E19003172zoo,C,172,Cyclopoida,434.65,10.73746313,Cyclopoid
E19003172zoo,C,172,Ceriodaphnia,435.24,13.42182891,LgCladocera
E19003172zoo,C,172,Daphnia,548.34,13.42182891,LgCladocera
E19003172zoo,C,172,Calanoida,885.708,112.7433628,Calanoid
E19003179zoo,C,179,Keratella.cochlearis,84.4,6.10619469,Rotifer
E19003179zoo,C,179,Conochilus,136.8,12.21238938,Rotifer
E19003179zoo,C,179,Nauplii,175.144,164.8672566,Nauplii
E19003179zoo,C,179,Bosmina,327.3,6.10619469,SmCladocera
E19003179zoo,C,179,Ceriodaphnia,377,18.31858407,LgCladocera
E19003179zoo,C,179,Simocephalus,609.1,12.21238938,LgCladocera
E19003179zoo,C,179,Daphnia,669.01,61.0619469,LgCladocera
E19003179zoo,C,179,Cyclopoida,669.775,24.42477876,Cyclopoid
E19003179zoo,C,179,Calanoida,838.0818182,67.16814159,Calanoid
E19003182zoo,C,182,Keratella.cochlearis,137.3333333,8.362831858,Rotifer
E19003182zoo,C,182,Keratella.quadrata,152.9,2.787610619,Rotifer
E19003182zoo,C,182,Nauplii,192.864,75.26548673,Nauplii
E19003182zoo,C,182,Chydorus,273.4,13.9380531,SmCladocera
E19003182zoo,C,182,Bosmina,283.7,11.15044248,SmCladocera
E19003182zoo,C,182,Calanoida,519.4117647,50.17699115,Calanoid
E19003182zoo,C,182,Ceriodaphnia,524.375,11.15044248,LgCladocera
E19003182zoo,C,182,Cyclopoida,562.25,5.575221239,Cyclopoid
E19003196zoo,C,196,Nauplii,120.412,208.1415929,Nauplii
E19003196zoo,C,196,Ceriodaphnia,281.5,4.247787611,LgCladocera
E19003196zoo,C,196,Cyclopoida,428.675,16.99115044,Cyclopoid
E19003196zoo,C,196,Diaphanosoma,463.6285714,29.73451327,LgCladocera
E19003196zoo,C,196,Daphnia,531.4,4.247787611,LgCladocera
E19003196zoo,C,196,Calanoida,700.1,16.99115044,Calanoid
E19003204zoo,C,204,Keratella.cochlearis,124.3,4.336283186,Rotifer
E19003204zoo,C,204,Mytilina,150.1,4.336283186,Rotifer
E19003204zoo,C,204,Nauplii,173.05625,69.38053097,Nauplii
E19003204zoo,C,204,Platyias,200.4,4.336283186,Rotifer
E19003204zoo,C,204,Chydorus,237.98,134.4247788,SmCladocera
E19003204zoo,C,204,Ceriodaphnia,372.9214286,60.7079646,LgCladocera
E19003204zoo,C,204,Cyclopoida,407.8736842,82.38938053,Cyclopoid
E19003204zoo,C,204,Diaphanosoma,486.54,21.68141593,LgCladocera
E19003204zoo,C,204,Calanoida,801.36,21.68141593,Calanoid
E19004115zoo,D,115,Pompholyx,101.7,5.044247788,Rotifer
E19004115zoo,D,115,Polyarthra,109.25,45.39823009,Rotifer
E19004115zoo,D,115,Keratella.cochlearis,128.376,1089.557522,Rotifer
E19004115zoo,D,115,Nauplii,149.016,141.2389381,Nauplii
E19004115zoo,D,115,Filinia,153.75,10.08849558,Rotifer
E19004115zoo,D,115,Synchaeta,157.1,5.044247788,Rotifer
E19004115zoo,D,115,Bosmina,332.0222222,45.39823009,SmCladocera
E19004115zoo,D,115,Cyclopoida,479.1142857,35.30973451,Cyclopoid
E19004118zoo,D,118,Polyarthra,96.8,16.81415929,Rotifer
E19004118zoo,D,118,Keratella.cochlearis,99.112,1815.929204,Rotifer
E19004118zoo,D,118,Filinia,131,6.725663717,Rotifer
E19004118zoo,D,118,Pompholyx,155.2666667,20.17699115,Rotifer
E19004118zoo,D,118,Keratella.quadrata,158.4666667,10.08849558,Rotifer
E19004118zoo,D,118,Synchaeta,185.725,13.45132743,Rotifer
E19004118zoo,D,118,Nauplii,208.736,121.0619469,Nauplii
E19004118zoo,D,118,Bosmina,381.496,289.2035398,SmCladocera
E19004118zoo,D,118,Calanoida,539.05,13.45132743,Calanoid
E19004118zoo,D,118,Cyclopoida,541.556,329.5575221,Cyclopoid
E19004121zoo,D,121,Conochilus,72.9,4.336283186,Rotifer
E19004121zoo,D,121,Filinia,80.1,4.336283186,Rotifer
E19004121zoo,D,121,Polyarthra,84.12,43.36283186,Rotifer
E19004121zoo,D,121,Keratella.cochlearis,99.212,2098.761062,Rotifer
E19004121zoo,D,121,Synchaeta,163.548,121.4159292,Rotifer
E19004121zoo,D,121,Keratella.quadrata,173,26.01769912,Rotifer
E19004121zoo,D,121,Nauplii,173.764,169.1150442,Nauplii
E19004121zoo,D,121,Bosmina,282.3285714,30.3539823,SmCladocera
E19004121zoo,D,121,Cyclopoida,438.388,112.7433628,Cyclopoid
E19004124zoo,D,124,Polyarthra,91.5,7.699115044,Rotifer
E19004124zoo,D,124,Conochilus,100.7666667,23.09734513,Rotifer
E19004124zoo,D,124,Keratella.cochlearis,106.016,4758.053097,Rotifer
E19004124zoo,D,124,Pompholyx,151.04,38.49557522,Rotifer
E19004124zoo,D,124,Nauplii,154.8263158,146.2831858,Nauplii
E19004124zoo,D,124,Keratella.quadrata,156.6666667,23.09734513,Rotifer
E19004124zoo,D,124,Brachionus,172.7,7.699115044,Rotifer
E19004124zoo,D,124,Synchaeta,173.45,30.79646018,Rotifer
E19004124zoo,D,124,Bosmina,306.6071429,107.7876106,SmCladocera
E19004124zoo,D,124,Asplanchna,354.7,7.699115044,Rotifer
E19004124zoo,D,124,Cyclopoida,422.132,384.9557522,Cyclopoid
E19004124zoo,D,124,Calanoida,465.3666667,23.09734513,Calanoid
E19004125zoo,D,125,Keratella.cochlearis,77.316,4125.663717,Rotifer
E19004125zoo,D,125,Filinia,108.8,3.716814159,Rotifer
E19004125zoo,D,125,Keratella.quadrata,156.5142857,26.01769912,Rotifer
E19004125zoo,D,125,Nauplii,165.4789474,70.61946903,Nauplii
E19004125zoo,D,125,Bosmina,265.996,137.5221239,SmCladocera
E19004125zoo,D,125,Cyclopoida,469.464,386.5486726,Cyclopoid
E19004125zoo,D,125,Calanoida,685.3,7.433628319,Calanoid
E19004126zoo,D,126,Keratella.cochlearis,78.132,1619.911504,Rotifer
E19004126zoo,D,126,Nauplii,138.5764706,52.65486726,Nauplii
E19004126zoo,D,126,Keratella.quadrata,165.74,15.48672566,Rotifer
E19004126zoo,D,126,Bosmina,286.28,15.48672566,SmCladocera
E19004126zoo,D,126,Cyclopoida,429.1117647,52.65486726,Cyclopoid
E19004130zoo,D,130,Keratella.cochlearis,106.608,961.5044248,Rotifer
E19004130zoo,D,130,Nauplii,122.564,140.7079646,Nauplii
E19004130zoo,D,130,Keratella.quadrata,171.125,37.52212389,Rotifer
E19004130zoo,D,130,Bosmina,283.9692308,60.97345133,SmCladocera
E19004130zoo,D,130,Cyclopoida,448.8857143,32.83185841,Cyclopoid
E19004130zoo,D,130,Calanoida,833.96,23.45132743,Calanoid
E19004130zoo,D,130,Daphnia,978.7333333,14.07079646,LgCladocera
E19004133zoo,D,133,Keratella.cochlearis,122.04,861.5044248,Rotifer
E19004133zoo,D,133,Nauplii,131.092,413.7168142,Nauplii
E19004133zoo,D,133,Synchaeta,153.15,9.734513274,Rotifer
E19004133zoo,D,133,Keratella.quadrata,160.6692308,63.27433628,Rotifer
E19004133zoo,D,133,Bosmina,288.036,121.6814159,SmCladocera
E19004133zoo,D,133,Asplanchna,426.55,9.734513274,Rotifer
E19004133zoo,D,133,Cyclopoida,579.4692308,63.27433628,Cyclopoid
E19004133zoo,D,133,Calanoida,1097.8,9.734513274,Calanoid
E19004137zoo,D,137,Keratella.cochlearis,101.536,89.82300885,Rotifer
E19004137zoo,D,137,Keratella.quadrata,151.7,6.194690265,Rotifer
E19004137zoo,D,137,Nauplii,160.03,30.97345133,Nauplii
E19004137zoo,D,137,Chydorus,251.175,12.38938053,SmCladocera
E19004137zoo,D,137,Bosmina,313.028,325.2212389,SmCladocera
E19004137zoo,D,137,Asplanchna,362.35,6.194690265,Rotifer
E19004137zoo,D,137,Cyclopoida,581.075,49.55752212,Cyclopoid
E19004137zoo,D,137,Daphnia,766.15,6.194690265,LgCladocera
E19004137zoo,D,137,Calanoida,1045.5,15.48672566,Calanoid
E19004140zoo,D,140,Keratella.cochlearis,93.30909091,81.7699115,Rotifer
E19004140zoo,D,140,Nauplii,131.304,137.5221239,Nauplii
E19004140zoo,D,140,Keratella.quadrata,156.7,3.716814159,Rotifer
E19004140zoo,D,140,Cyclopoida,324.8,3.716814159,Cyclopoid
E19004140zoo,D,140,Bosmina,339.2,14.86725664,SmCladocera
E19004140zoo,D,140,Daphnia,710.5,3.716814159,LgCladocera
E19004142zoo,D,142,Trichocerca,78.7,2.699115044,Rotifer
E19004142zoo,D,142,Keratella.cochlearis,110.3411765,45.88495575,Rotifer
E19004142zoo,D,142,Lecane,117.4,5.398230088,Rotifer
E19004142zoo,D,142,Keratella.quadrata,165.5666667,8.097345133,Rotifer
E19004142zoo,D,142,Nauplii,170.324,137.6548673,Nauplii
E19004142zoo,D,142,Chydorus,284.1,2.699115044,SmCladocera
E19004142zoo,D,142,Ceriodaphnia,299.2,2.699115044,LgCladocera
E19004142zoo,D,142,Bosmina,350.06,13.49557522,SmCladocera
E19004142zoo,D,142,Cyclopoida,448.5,18.89380531,Cyclopoid
E19004142zoo,D,142,Asplanchna,450.5333333,8.097345133,Rotifer
E19004142zoo,D,142,Daphnia,742.2666667,40.48672566,LgCladocera
E19004142zoo,D,142,Calanoida,969.0941176,45.88495575,Calanoid
E19004144zoo,D,144,Keratella.cochlearis,86.08571429,35.92920354,Rotifer
E19004144zoo,D,144,Nauplii,152.7117647,87.25663717,Nauplii
E19004144zoo,D,144,Keratella.quadrata,176.1,5.132743363,Rotifer
E19004144zoo,D,144,Chydorus,198.9,5.132743363,SmCladocera
E19004144zoo,D,144,Bosmina,385.7,25.66371681,SmCladocera
E19004144zoo,D,144,Asplanchna,464.4,10.26548673,Rotifer
E19004144zoo,D,144,Cyclopoida,531.48,25.66371681,Cyclopoid
E19004144zoo,D,144,Daphnia,731.32,179.6460177,LgCladocera
E19004144zoo,D,144,Calanoida,1016.783333,61.59292035,Calanoid
E19004147zoo,D,147,Keratella.cochlearis,88.5,13.45132743,Rotifer
E19004147zoo,D,147,Pompholyx,137.9,3.362831858,Rotifer
E19004147zoo,D,147,Nauplii,163.85,53.80530973,Nauplii
E19004147zoo,D,147,Chydorus,231.4,10.08849558,SmCladocera
E19004147zoo,D,147,Bosmina,368,3.362831858,SmCladocera
E19004147zoo,D,147,Calanoida,865.4666667,20.17699115,Calanoid
E19004147zoo,D,147,Daphnia,935.152,104.2477876,LgCladocera
E19004149zoo,D,149,Lecane,101.27,19.02654867,Rotifer
E19004149zoo,D,149,Keratella.cochlearis,109.42,9.513274336,Rotifer
E19004149zoo,D,149,Keratella.quadrata,149.4545455,20.92920354,Rotifer
E19004149zoo,D,149,Nauplii,158.8,32.34513274,Nauplii
E19004149zoo,D,149,Chydorus,251.6,17.12389381,SmCladocera
E19004149zoo,D,149,Ceriodaphnia,466.8,1.902654867,LgCladocera
E19004149zoo,D,149,Cyclopoida,523.6,5.707964602,Cyclopoid
E19004149zoo,D,149,Calanoida,907.145,38.05309735,Calanoid
E19004149zoo,D,149,Daphnia,1019.114286,13.31858407,LgCladocera
E19004154zoo,D,154,Polyarthra,75.8,2.241887906,Rotifer
E19004154zoo,D,154,Conochilus,115.45,4.483775811,Rotifer
E19004154zoo,D,154,Keratella.cochlearis,139.2,6.725663717,Rotifer
E19004154zoo,D,154,Nauplii,143.628,82.94985251,Nauplii
E19004154zoo,D,154,Keratella.quadrata,162.15,4.483775811,Rotifer
E19004154zoo,D,154,Calanoida,912.95,35.87020649,Calanoid
E19004154zoo,D,154,Daphnia,1178.618182,49.32153392,LgCladocera
E19004161zoo,D,161,Lecane,111.4,2.522123894,Rotifer
E19004161zoo,D,161,Pompholyx,129.2,2.522123894,Rotifer
E19004161zoo,D,161,Nauplii,129.412,201.7699115,Nauplii
E19004161zoo,D,161,Keratella.cochlearis,141.8333333,7.566371681,Rotifer
E19004161zoo,D,161,Monostyla,152.3,2.522123894,Rotifer
E19004161zoo,D,161,Keratella.quadrata,196.2,2.522123894,Rotifer
E19004161zoo,D,161,Ceriodaphnia,369.65,5.044247788,LgCladocera
E19004161zoo,D,161,Calanoida,757.7333333,15.13274336,Calanoid
E19004161zoo,D,161,Daphnia,1024.895,50.44247788,LgCladocera
E19004168zoo,D,168,Nauplii,139.692,132.7433628,Nauplii
E19004168zoo,D,168,Daphnia,738.696,138.0530973,LgCladocera
E19004168zoo,D,168,Calanoida,888.98,53.09734513,Calanoid
E19004170zoo,D,170,Keratella.cochlearis,92.3,2.03539823,Rotifer
E19004170zoo,D,170,Nauplii,152.6,99.73451327,Nauplii
E19004170zoo,D,170,Keratella.quadrata,184.2,2.03539823,Rotifer
E19004170zoo,D,170,Bosmina,294.3,4.07079646,SmCladocera
E19004170zoo,D,170,Cyclopoida,572.38,10.17699115,Cyclopoid
E19004170zoo,D,170,Daphnia,976.075,8.14159292,LgCladocera
E19004170zoo,D,170,Simocephalus,1313.8,2.03539823,LgCladocera
E19004179zoo,D,179,Polyarthra,87.6,0.458567981,Rotifer
E19004179zoo,D,179,Brachionus,115.76,2.292839903,Rotifer
E19004179zoo,D,179,Conochilus,122.7,0.917135961,Rotifer
E19004179zoo,D,179,Keratella.cochlearis,135.6666667,1.375703942,Rotifer
E19004179zoo,D,179,Keratella.quadrata,143.9444444,4.127111826,Rotifer
E19004179zoo,D,179,Nauplii,159.3,0.917135961,Nauplii
E19004179zoo,D,179,Bosmina,248.025,3.668543846,SmCladocera
E19004179zoo,D,179,Chydorus,268.2285714,3.209975865,SmCladocera
E19004179zoo,D,179,Calanoida,501.8,0.458567981,Calanoid
E19004179zoo,D,179,Daphnia,597.5,1.834271923,LgCladocera
E19004179zoo,D,179,Diaphanosoma,640.8,0.458567981,LgCladocera
E19004179zoo,D,179,Ceriodaphnia,661.6363636,5.044247788,LgCladocera
E19004182zoo,D,182,Keratella.cochlearis,140.3,2.418879056,Rotifer
E19004182zoo,D,182,Nauplii,180.85,2.418879056,Nauplii
E19004182zoo,D,182,Chydorus,245.352,38.7020649,SmCladocera
E19004182zoo,D,182,Bosmina,298.4,2.418879056,SmCladocera
E19004182zoo,D,182,Ceriodaphnia,325.27,12.09439528,LgCladocera
E19004182zoo,D,182,Calanoida,399,1.209439528,Calanoid
E19004182zoo,D,182,Simocephalus,626.9136364,26.60766962,LgCladocera
E19004196zoo,D,196,Lecane,111.8909091,42.18289086,Rotifer
E19004196zoo,D,196,Nauplii,165,15.33923304,Nauplii
E19004196zoo,D,196,Alonella,200.8,3.83480826,SmCladocera
E19004196zoo,D,196,Chydorus,227.64,145.7227139,SmCladocera
E19004196zoo,D,196,Camptocercus,294.4,7.669616519,LgCladocera
E19004196zoo,D,196,Cyclopoida,381.2,19.1740413,Cyclopoid
E19004196zoo,D,196,Ceriodaphnia,394.84,19.1740413,LgCladocera
E19004196zoo,D,196,Simocephalus,660.6666667,11.50442478,LgCladocera
E19004204zoo,D,204,Lecane,101.7333333,8.89380531,Rotifer
E19004204zoo,D,204,Nauplii,146.7545455,32.61061947,Nauplii
E19004204zoo,D,204,Mytilina,159.8,2.96460177,Rotifer
E19004204zoo,D,204,Chydorus,220.1714286,41.50442478,SmCladocera
E19004204zoo,D,204,Asplanchna,256.6,2.96460177,Rotifer
E19004204zoo,D,204,Camptocercus,300.8,17.78761062,LgCladocera
E19004204zoo,D,204,Ceriodaphnia,410.1,14.82300885,LgCladocera
E19004204zoo,D,204,Alona,536.5,2.96460177,SmCladocera
E19004204zoo,D,204,Simocephalus,609,2.96460177,LgCladocera
E19004204zoo,D,204,Cyclopoida,654.24,14.82300885,Cyclopoid
E19005115zoo,E,115,Pompholyx,87.1,6.283185841,Rotifer
E19005115zoo,E,115,Filinia,91.4,12.56637168,Rotifer
E19005115zoo,E,115,Synchaeta,107.6,6.283185841,Rotifer
E19005115zoo,E,115,Keratella.cochlearis,130.58,892.2123894,Rotifer
E19005115zoo,E,115,Nauplii,175.6789474,119.380531,Nauplii
E19005115zoo,E,115,Testudinella,240.6,6.283185841,Rotifer
E19005115zoo,E,115,Cyclopoida,451.04,31.4159292,Cyclopoid
E19005118zoo,E,118,Keratella.cochlearis,107.468,3097.522124,Rotifer
E19005118zoo,E,118,Polyarthra,110.32,32.74336283,Rotifer
E19005118zoo,E,118,Pompholyx,147.4,13.09734513,Rotifer
E19005118zoo,E,118,Filinia,155.5,6.548672566,Rotifer
E19005118zoo,E,118,Synchaeta,161.55,13.09734513,Rotifer
E19005118zoo,E,118,Nauplii,163.404,209.5575221,Nauplii
E19005118zoo,E,118,Ceriodaphnia,216.1,13.09734513,LgCladocera
E19005118zoo,E,118,Bosmina,335.092,969.2035398,SmCladocera
E19005118zoo,E,118,Daphnia,553.4,26.19469027,LgCladocera
E19005118zoo,E,118,Cyclopoida,554.504,766.1946903,Cyclopoid
E19005121zoo,E,121,Polyarthra,77.925,36.10619469,Rotifer
E19005121zoo,E,121,Trichocerca,82.1,9.026548673,Rotifer
E19005121zoo,E,121,Keratella.cochlearis,97.34,3682.831858,Rotifer
E19005121zoo,E,121,Nauplii,149.848,270.7964602,Nauplii
E19005121zoo,E,121,Keratella.quadrata,163.55,18.05309735,Rotifer
E19005121zoo,E,121,Synchaeta,167.7,63.18584071,Rotifer
E19005121zoo,E,121,Bosmina,295.69375,144.4247788,SmCladocera
E19005121zoo,E,121,Cyclopoida,355.6958333,216.6371681,Cyclopoid
E19005123zoo,E,123,Keratella.cochlearis,82.092,4367.787611,Rotifer
E19005123zoo,E,123,Nauplii,142.556,267.6106195,Nauplii
E19005123zoo,E,123,Keratella.quadrata,159.1,9.557522124,Rotifer
E19005123zoo,E,123,Bosmina,352.292,793.2743363,SmCladocera
E19005123zoo,E,123,Cyclopoida,443.25,191.1504425,Cyclopoid
E19005123zoo,E,123,Daphnia,910.65,19.11504425,LgCladocera
E19005124zoo,E,124,Keratella.cochlearis,82.672,3471.061947,Rotifer
E19005124zoo,E,124,Nauplii,122.98,464.2477876,Nauplii
E19005124zoo,E,124,Keratella.quadrata,155.75,10.79646018,Rotifer
E19005124zoo,E,124,Bosmina,287.9133333,80.97345133,SmCladocera
E19005124zoo,E,124,Chydorus,324,10.79646018,SmCladocera
E19005124zoo,E,124,Cyclopoida,389.216,313.0973451,Cyclopoid
E19005124zoo,E,124,Calanoida,449.35,10.79646018,Calanoid
E19005124zoo,E,124,Asplanchna,529,5.398230088,Rotifer
E19005126zoo,E,126,Keratella.cochlearis,79.52,2066.283186,Rotifer
E19005126zoo,E,126,Nauplii,140.14,156.0176991,Nauplii
E19005126zoo,E,126,Keratella.quadrata,142.22,19.02654867,Rotifer
E19005126zoo,E,126,Bosmina,295.416,468.0530973,SmCladocera
E19005126zoo,E,126,Calanoida,414.1,3.805309735,Calanoid
E19005126zoo,E,126,Daphnia,451.2,3.805309735,LgCladocera
E19005126zoo,E,126,Cyclopoida,513.892,289.2035398,Cyclopoid
E19005127zoo,E,127,Keratella.cochlearis,81.656,707.9646018,Rotifer
E19005127zoo,E,127,Nauplii,113.925,84.95575221,Nauplii
E19005127zoo,E,127,Bosmina,292.596,612.3893805,SmCladocera
E19005127zoo,E,127,Cyclopoida,441.292,141.5929204,Cyclopoid
E19005127zoo,E,127,Calanoida,653.1,3.539823009,Calanoid
E19005127zoo,E,127,Daphnia,687.25,7.079646018,LgCladocera
E19005128zoo,E,128,Keratella.cochlearis,78.184,1780.530973,Rotifer
E19005128zoo,E,128,Nauplii,123.396,120.3539823,Nauplii
E19005128zoo,E,128,Keratella.quadrata,141.95,7.079646018,Rotifer
E19005128zoo,E,128,Chydorus,256.3,7.079646018,SmCladocera
E19005128zoo,E,128,Asplanchna,407.7,3.539823009,Rotifer
E19005128zoo,E,128,Bosmina,410.4733333,53.09734513,SmCladocera
E19005128zoo,E,128,Calanoida,489.2,3.539823009,Calanoid
E19005128zoo,E,128,Cyclopoida,503.004,116.8141593,Cyclopoid
E19005130zoo,E,130,Keratella.cochlearis,101.204,516.1061947,Rotifer
E19005130zoo,E,130,Nauplii,143.6125,152.920354,Nauplii
E19005130zoo,E,130,Keratella.quadrata,164.5666667,19.11504425,Rotifer
E19005130zoo,E,130,Camptocercus,295.5,6.371681416,LgCladocera
E19005130zoo,E,130,Bosmina,297.3666667,38.2300885,SmCladocera
E19005130zoo,E,130,Chydorus,315.25,12.74336283,SmCladocera
E19005130zoo,E,130,Cyclopoida,461.88,127.4336283,Cyclopoid
E19005130zoo,E,130,Daphnia,705.55,50.97345133,LgCladocera
E19005133zoo,E,133,Keratella.cochlearis,93.116,610.619469,Rotifer
E19005133zoo,E,133,Keratella.quadrata,151.45,13.27433628,Rotifer
E19005133zoo,E,133,Nauplii,159.964,265.4867257,Nauplii
E19005133zoo,E,133,Chydorus,196.6,6.637168142,SmCladocera
E19005133zoo,E,133,Bosmina,312.2142857,46.46017699,SmCladocera
E19005133zoo,E,133,Cyclopoida,504.225,79.6460177,Cyclopoid
E19005133zoo,E,133,Daphnia,594,26.54867257,LgCladocera
E19005133zoo,E,133,Calanoida,674.7,6.637168142,Calanoid
E19005137zoo,E,137,Lecane,89.5,3.008849558,Rotifer
E19005137zoo,E,137,Keratella.cochlearis,96.036,96.28318584,Rotifer
E19005137zoo,E,137,Keratella.quadrata,167.6,3.008849558,Rotifer
E19005137zoo,E,137,Nauplii,168.072,96.28318584,Nauplii
E19005137zoo,E,137,Synchaeta,177.1,3.008849558,Rotifer
E19005137zoo,E,137,Chydorus,251.388,105.3097345,SmCladocera
E19005137zoo,E,137,Camptocercus,323.9,3.008849558,LgCladocera
E19005137zoo,E,137,Bosmina,406.4333333,45.13274336,SmCladocera
E19005137zoo,E,137,Cyclopoida,453.1571429,63.18584071,Cyclopoid
E19005137zoo,E,137,Asplanchna,485.4,3.008849558,Rotifer
E19005137zoo,E,137,Daphnia,762.6333333,9.026548673,LgCladocera
E19005137zoo,E,137,Calanoida,810.8,9.026548673,Calanoid
E19005140zoo,E,140,Monostyla,94.2,3.628318584,Rotifer
E19005140zoo,E,140,Keratella.cochlearis,94.21111111,32.65486726,Rotifer
E19005140zoo,E,140,Nauplii,134.996,128.8053097,Nauplii
E19005140zoo,E,140,Bosmina,328,1.814159292,SmCladocera
E19005140zoo,E,140,Cyclopoida,546.3875,14.51327434,Cyclopoid
E19005140zoo,E,140,Daphnia,944.9,3.628318584,LgCladocera
E19005140zoo,E,140,Calanoida,1078.6,3.628318584,Calanoid
E19005142zoo,E,142,Keratella.cochlearis,86.07,44.24778761,Rotifer
E19005142zoo,E,142,Nauplii,119.94,194.6902655,Nauplii
E19005142zoo,E,142,Keratella.quadrata,159.7,4.424778761,Rotifer
E19005142zoo,E,142,Chydorus,207.1,4.424778761,SmCladocera
E19005142zoo,E,142,Bosmina,273.8,8.849557522,SmCladocera
E19005142zoo,E,142,Calanoida,319.1,4.424778761,Calanoid
E19005142zoo,E,142,Cyclopoida,552.5,22.12389381,Cyclopoid
E19005142zoo,E,142,Daphnia,649.18,309.7345133,LgCladocera
E19005144zoo,E,144,Keratella.cochlearis,82.56923077,23.00884956,Rotifer
E19005144zoo,E,144,Nauplii,145.35,24.77876106,Nauplii
E19005144zoo,E,144,Keratella.quadrata,175,1.769911504,Rotifer
E19005144zoo,E,144,Cyclopoida,281.7,7.079646018,Cyclopoid
E19005144zoo,E,144,Chydorus,313.8,1.769911504,SmCladocera
E19005144zoo,E,144,Bosmina,470.5,1.769911504,SmCladocera
E19005144zoo,E,144,Daphnia,624.732,125.6637168,LgCladocera
E19005144zoo,E,144,Calanoida,892.2666667,21.23893805,Calanoid
E19005147zoo,E,147,Keratella.cochlearis,100.4666667,16.46017699,Rotifer
E19005147zoo,E,147,Pompholyx,131.5,10.97345133,Rotifer
E19005147zoo,E,147,Nauplii,146.712,252.3893805,Nauplii
E19005147zoo,E,147,Cyclopoida,555.05,10.97345133,Cyclopoid
E19005147zoo,E,147,Calanoida,689.79,54.86725664,Calanoid
E19005149zoo,E,149,Keratella.cochlearis,83.06470588,15.04424779,Rotifer
E19005149zoo,E,149,Lecane,101.8,7.96460177,Rotifer
E19005149zoo,E,149,Nauplii,123.9882353,15.04424779,Nauplii
E19005149zoo,E,149,Keratella.quadrata,149.7214286,12.38938053,Rotifer
E19005149zoo,E,149,Chydorus,218.85,3.539823009,SmCladocera
E19005149zoo,E,149,Calanoida,440.2,0.884955752,Calanoid
E19005149zoo,E,149,Cyclopoida,591.35,1.769911504,Cyclopoid
E19005151zoo,E,151,Keratella.cochlearis,87.05,1.573254671,Rotifer
E19005151zoo,E,151,Nauplii,111.136,32.25172075,Nauplii
E19005151zoo,E,151,Chydorus,216.5375,12.58603736,SmCladocera
E19005151zoo,E,151,Asplanchna,485,0.786627335,Rotifer
E19005154zoo,E,154,Keratella.cochlearis,127,3.053097345,Rotifer
E19005154zoo,E,154,Monostyla,137.65,6.10619469,Rotifer
E19005154zoo,E,154,Nauplii,139.188,143.4955752,Nauplii
E19005154zoo,E,154,Keratella.quadrata,150.5,3.053097345,Rotifer
E19005154zoo,E,154,Chydorus,257.8777778,27.47787611,SmCladocera
E19005154zoo,E,154,Cyclopoida,282.4,3.053097345,Cyclopoid
E19005154zoo,E,154,Calanoida,957.5333333,9.159292035,Calanoid
E19005161zoo,E,161,Nauplii,155.668,195.3982301,Nauplii
E19005161zoo,E,161,Keratella.cochlearis,156.92,14.15929204,Rotifer
E19005161zoo,E,161,Keratella.quadrata,214.5,2.831858407,Rotifer
E19005161zoo,E,161,Chydorus,283.2,8.495575221,SmCladocera
E19005161zoo,E,161,Cyclopoida,358.236,113.2743363,Cyclopoid
E19005161zoo,E,161,Ceriodaphnia,461.1,8.495575221,LgCladocera
E19005161zoo,E,161,Calanoida,502.7666667,8.495575221,Calanoid
E19005161zoo,E,161,Simocephalus,903.03,28.31858407,LgCladocera
E19005168zoo,E,168,Nauplii,134.72,192.300885,Nauplii
E19005168zoo,E,168,Keratella.cochlearis,173.7,3.628318584,Rotifer
E19005168zoo,E,168,Ceriodaphnia,583.1,3.628318584,LgCladocera
E19005168zoo,E,168,Calanoida,916.3833333,21.7699115,Calanoid
E19005170zoo,E,170,Nauplii,180.94,4.498525074,Nauplii
E19005170zoo,E,170,Chydorus,260.645,17.99410029,SmCladocera
E19005170zoo,E,170,Cyclopoida,318.85,1.799410029,Cyclopoid
E19005170zoo,E,170,Daphnia,1152.466667,2.699115044,LgCladocera
E19005170zoo,E,170,Simocephalus,1381.085714,6.297935103,LgCladocera
E19005179zoo,E,179,Brachionus,120.45,3.83480826,Rotifer
E19005179zoo,E,179,Nauplii,141.9125,15.33923304,Nauplii
E19005179zoo,E,179,Keratella.quadrata,156.75,7.669616519,Rotifer
E19005179zoo,E,179,Pompholyx,165.1,1.91740413,Rotifer
E19005179zoo,E,179,Bosmina,226.0333333,5.752212389,SmCladocera
E19005179zoo,E,179,Chydorus,273.2714286,40.26548673,SmCladocera
E19005179zoo,E,179,Cyclopoida,393.375,23.00884956,Cyclopoid
E19005179zoo,E,179,Ceriodaphnia,575.9789474,36.43067847,LgCladocera
E19005179zoo,E,179,Daphnia,754.3,1.91740413,LgCladocera
E19005182zoo,E,182,Pompholyx,88.05,17.25663717,Rotifer
E19005182zoo,E,182,Keratella.cochlearis,93.55,5.752212389,Rotifer
E19005182zoo,E,182,Keratella.quadrata,93.6,2.876106195,Rotifer
E19005182zoo,E,182,Nauplii,146.888,112.1681416,Nauplii
E19005182zoo,E,182,Alona,191.8,2.876106195,SmCladocera
E19005182zoo,E,182,Bosmina,301.525,11.50442478,SmCladocera
E19005182zoo,E,182,Cyclopoida,498.6125,23.00884956,Cyclopoid
E19005196zoo,E,196,Pompholyx,84.55,5.840707965,Rotifer
E19005196zoo,E,196,Lecane,99.15,5.840707965,Rotifer
E19005196zoo,E,196,Nauplii,137.4888889,26.28318584,Nauplii
E19005196zoo,E,196,Trichocerca,141.7,2.920353982,Rotifer
E19005196zoo,E,196,Chydorus,242.2368421,55.48672566,SmCladocera
E19005196zoo,E,196,Camptocercus,406.9571429,20.44247788,LgCladocera
E19005196zoo,E,196,Cyclopoida,435.4785714,43.80530973,Cyclopoid
E19005196zoo,E,196,Simocephalus,961.1,5.840707965,LgCladocera
E19005204zoo,E,204,Lecane,108.1,1.044247788,Rotifer
E19005204zoo,E,204,Pompholyx,180.8,1.044247788,Rotifer
E19005204zoo,E,204,Platyias,194.2,1.044247788,Rotifer
E19005204zoo,E,204,Chydorus,254.92,5.221238938,SmCladocera
E19005204zoo,E,204,Cyclopoida,530.075,8.353982301,Cyclopoid
E19005204zoo,E,204,Ceriodaphnia,580.1,1.044247788,LgCladocera
E19006115zoo,F,115,Conochilus,43.99,61.94690265,Rotifer
E19006115zoo,F,115,Polyarthra,114.0125,49.55752212,Rotifer
E19006115zoo,F,115,Keratella.cochlearis,139.184,1876.99115,Rotifer
E19006115zoo,F,115,Filinia,142.9,12.38938053,Rotifer
E19006115zoo,F,115,Pompholyx,154.96,30.97345133,Rotifer
E19006115zoo,F,115,Nauplii,176.256,229.2035398,Nauplii
E19006115zoo,F,115,Synchaeta,205.2454545,68.14159292,Rotifer
E19006115zoo,F,115,Bosmina,320.7833333,37.16814159,SmCladocera
E19006115zoo,F,115,Cyclopoida,456.1666667,74.33628319,Cyclopoid
E19006118zoo,F,118,Polyarthra,89.88,69.91150442,Rotifer
E19006118zoo,F,118,Keratella.cochlearis,102.34,3271.858407,Rotifer
E19006118zoo,F,118,Filinia,105.85,27.96460177,Rotifer
E19006118zoo,F,118,Conochilus,109.7,41.94690265,Rotifer
E19006118zoo,F,118,Pompholyx,165.1333333,41.94690265,Rotifer
E19006118zoo,F,118,Synchaeta,185.1,97.87610619,Rotifer
E19006118zoo,F,118,Nauplii,186.6727273,307.6106195,Nauplii
E19006118zoo,F,118,Bosmina,353.752,4865.840708,SmCladocera
E19006118zoo,F,118,Cyclopoida,568.208,824.9557522,Cyclopoid
E19006118zoo,F,118,Calanoida,629.9,13.98230088,Calanoid
E19006118zoo,F,118,Daphnia,1302.65,27.96460177,LgCladocera
E19006121zoo,F,121,Keratella.cochlearis,127.42,1681.946903,Rotifer
E19006121zoo,F,121,Polyarthra,134.1,3.805309735,Rotifer
E19006121zoo,F,121,Nauplii,159.8083333,45.66371681,Nauplii
E19006121zoo,F,121,Keratella.quadrata,169.88,19.02654867,Rotifer
E19006121zoo,F,121,Asplanchna,187.1117647,64.69026549,Rotifer
E19006121zoo,F,121,Bosmina,285.516,133.1858407,SmCladocera
E19006121zoo,F,121,Cyclopoida,385.7,247.3451327,Cyclopoid
E19006123zoo,F,123,Keratella.cochlearis,82.344,2699.380531,Rotifer
E19006123zoo,F,123,Nauplii,113.475,62.65486726,Nauplii
E19006123zoo,F,123,Keratella.quadrata,144.4,5.221238938,Rotifer
E19006123zoo,F,123,Bosmina,385.852,1023.362832,SmCladocera
E19006123zoo,F,123,Cyclopoida,539.104,156.6371681,Cyclopoid
E19006123zoo,F,123,Daphnia,625.1333333,15.66371681,LgCladocera
E19006124zoo,F,124,Keratella.cochlearis,84.604,2104.60177,Rotifer
E19006124zoo,F,124,Nauplii,140.68,89.55752212,Nauplii
E19006124zoo,F,124,Keratella.quadrata,146.3,20.3539823,Rotifer
E19006124zoo,F,124,Bosmina,343.348,504.7787611,SmCladocera
E19006124zoo,F,124,Cyclopoida,499.976,162.8318584,Cyclopoid
E19006124zoo,F,124,Daphnia,517.7888889,36.63716814,LgCladocera
E19006125zoo,F,125,Keratella.cochlearis,80.888,2234.070796,Rotifer
E19006125zoo,F,125,Nauplii,118.516,116.8141593,Nauplii
E19006125zoo,F,125,Keratella.quadrata,163.7,2.920353982,Rotifer
E19006125zoo,F,125,Bosmina,273.86,584.0707965,SmCladocera
E19006125zoo,F,125,Cyclopoida,423.952,122.6548673,Cyclopoid
E19006125zoo,F,125,Daphnia,520.18,14.60176991,LgCladocera
E19006126zoo,F,126,Polyarthra,71.3,3.274336283,Rotifer
E19006126zoo,F,126,Keratella.cochlearis,86.608,543.539823,Rotifer
E19006126zoo,F,126,Nauplii,109.4235294,55.66371681,Nauplii
E19006126zoo,F,126,Bosmina,317.5,602.4778761,SmCladocera
E19006126zoo,F,126,Chydorus,323.375,13.09734513,SmCladocera
E19006126zoo,F,126,Cyclopoida,477.7142857,68.76106195,Cyclopoid
E19006127zoo,F,127,Keratella.cochlearis,86.436,452.6548673,Rotifer
E19006127zoo,F,127,Nauplii,131.3,126.5486726,Nauplii
E19006127zoo,F,127,Keratella.quadrata,169.2,4.867256637,Rotifer
E19006127zoo,F,127,Bosmina,394.616,1499.115044,SmCladocera
E19006127zoo,F,127,Cyclopoida,483.075,97.34513274,Cyclopoid
E19006130zoo,F,130,Keratella.cochlearis,90.144,559.7345133,Rotifer
E19006130zoo,F,130,Nauplii,129.2714286,102.2123894,Nauplii
E19006130zoo,F,130,Keratella.quadrata,150.35,9.734513274,Rotifer
E19006130zoo,F,130,Bosmina,321.46,613.2743363,SmCladocera
E19006130zoo,F,130,Cyclopoida,485.65,9.734513274,Cyclopoid
E19006130zoo,F,130,Diaphanosoma,749.7,4.867256637,LgCladocera
E19006131zoo,F,131,Keratella.cochlearis,81.532,852.920354,Rotifer
E19006131zoo,F,131,Nauplii,115.5555556,62.92035398,Nauplii
E19006131zoo,F,131,Bosmina,307.916,4306.548673,SmCladocera
E19006131zoo,F,131,Cyclopoida,558.4714286,97.87610619,Cyclopoid
E19006131zoo,F,131,Calanoida,1007.4,20.97345133,Calanoid
E19006132zoo,F,132,Keratella.cochlearis,94.472,727.8761062,Rotifer
E19006132zoo,F,132,Nauplii,129.8214286,108.4070796,Nauplii
E19006132zoo,F,132,Chydorus,243.6,7.743362832,SmCladocera
E19006132zoo,F,132,Mytilina,255.3,7.743362832,Rotifer
E19006132zoo,F,132,Bosmina,311.8,495.5752212,SmCladocera
E19006132zoo,F,132,Cyclopoida,576.3,54.20353982,Cyclopoid
E19006132zoo,F,132,Asplanchna,592.8,7.743362832,Rotifer
E19006133zoo,F,133,Keratella.cochlearis,87.332,1138.938053,Rotifer
E19006133zoo,F,133,Cyclopoida,119.404,180.0884956,Cyclopoid
E19006133zoo,F,133,Pompholyx,129.1,4.867256637,Rotifer
E19006133zoo,F,133,Keratella.quadrata,154.925,19.46902655,Rotifer
E19006133zoo,F,133,Bosmina,292.468,257.9646018,SmCladocera
E19006133zoo,F,133,Calanoida,651,4.867256637,Calanoid
E19006133zoo,F,133,Simocephalus,1084.7,19.46902655,LgCladocera
E19006133zoo,F,133,Daphnia,1162.6,19.46902655,LgCladocera
E19006137zoo,F,137,Keratella.cochlearis,99.985,36.28318584,Rotifer
E19006137zoo,F,137,Nauplii,138.14,108.8495575,Nauplii
E19006137zoo,F,137,Synchaeta,164.35,7.256637168,Rotifer
E19006137zoo,F,137,Chydorus,260.0666667,5.442477876,SmCladocera
E19006137zoo,F,137,Cyclopoida,285.6,1.814159292,Cyclopoid
E19006137zoo,F,137,Bosmina,299.4,9.07079646,SmCladocera
E19006140zoo,F,140,Keratella.cochlearis,95.8875,23.36283186,Rotifer
E19006140zoo,F,140,Monostyla,99.6,2.920353982,Rotifer
E19006140zoo,F,140,Keratella.quadrata,135.4,1.460176991,Rotifer
E19006140zoo,F,140,Nauplii,145.628,54.02654867,Nauplii
E19006140zoo,F,140,Pompholyx,147.9,10.22123894,Rotifer
E19006140zoo,F,140,Bosmina,269.65,8.761061947,SmCladocera
E19006140zoo,F,140,Cyclopoida,468.7,1.460176991,Cyclopoid
E19006140zoo,F,140,Daphnia,609.5,2.920353982,LgCladocera
E19006142zoo,F,142,Keratella.cochlearis,81.664,96.28318584,Rotifer
E19006142zoo,F,142,Nauplii,105.752,87.25663717,Nauplii
E19006142zoo,F,142,Keratella.quadrata,163.7,3.008849558,Rotifer
E19006142zoo,F,142,Cyclopoida,337.7,3.008849558,Cyclopoid
E19006142zoo,F,142,Daphnia,475.6,3.008849558,LgCladocera
E19006144zoo,F,144,Trichocerca,75.2,3.805309735,Rotifer
E19006144zoo,F,144,Keratella.cochlearis,106.2933333,57.07964602,Rotifer
E19006144zoo,F,144,Nauplii,130.372,110.3539823,Nauplii
E19006144zoo,F,144,Keratella.quadrata,139.1,15.22123894,Rotifer
E19006144zoo,F,144,Pompholyx,153.2222222,34.24778761,Rotifer
E19006144zoo,F,144,Chydorus,228.7,7.610619469,SmCladocera
E19006144zoo,F,144,Cyclopoida,342.5,7.610619469,Cyclopoid
E19006147zoo,F,147,Keratella.cochlearis,84.9,3.982300885,Rotifer
E19006147zoo,F,147,Pompholyx,119.15,7.96460177,Rotifer
E19006147zoo,F,147,Keratella.quadrata,133,3.982300885,Rotifer
E19006147zoo,F,147,Nauplii,134.004,211.0619469,Nauplii
E19006147zoo,F,147,Synchaeta,190,3.982300885,Rotifer
E19006147zoo,F,147,Chydorus,306.1,3.982300885,SmCladocera
E19006147zoo,F,147,Cyclopoida,723.4,7.96460177,Cyclopoid
E19006147zoo,F,147,Calanoida,1306.5,3.982300885,Calanoid
E19006149zoo,F,149,Keratella.cochlearis,81,9.557522124,Rotifer
E19006149zoo,F,149,Nauplii,134.056,262.8318584,Nauplii
E19006149zoo,F,149,Keratella.quadrata,136.5666667,14.33628319,Rotifer
E19006149zoo,F,149,Chydorus,213.14,23.89380531,SmCladocera
E19006149zoo,F,149,Cyclopoida,291.1,19.11504425,Cyclopoid
E19006149zoo,F,149,Daphnia,845.4,4.778761062,LgCladocera
E19006151zoo,F,151,Keratella.cochlearis,88.55,17.69911504,Rotifer
E19006151zoo,F,151,Keratella.quadrata,133.9,8.849557522,Rotifer
E19006151zoo,F,151,Nauplii,136.836,247.7876106,Nauplii
E19006151zoo,F,151,Chydorus,228.18,22.12389381,SmCladocera
E19006151zoo,F,151,Cyclopoida,364.0333333,26.54867257,Cyclopoid
E19006151zoo,F,151,Calanoida,1134.9,4.424778761,Calanoid
E19006154zoo,F,154,Polyarthra,83.2,3.274336283,Rotifer
E19006154zoo,F,154,Brachionus,99.7,3.274336283,Rotifer
E19006154zoo,F,154,Conochilus,115.6,3.274336283,Rotifer
E19006154zoo,F,154,Keratella.cochlearis,139.052,85.13274336,Rotifer
E19006154zoo,F,154,Pompholyx,141.1,3.274336283,Rotifer
E19006154zoo,F,154,Keratella.quadrata,146.7,19.6460177,Rotifer
E19006154zoo,F,154,Nauplii,147.916,294.6902655,Nauplii
E19006154zoo,F,154,Chydorus,246.5,16.37168142,SmCladocera
E19006154zoo,F,154,Cyclopoida,322.6538462,42.56637168,Cyclopoid
E19006154zoo,F,154,Calanoida,435.4,3.274336283,Calanoid
E19006161zoo,F,161,Nauplii,117.756,179.6460177,Nauplii
E19006161zoo,F,161,Keratella.cochlearis,135.756,241.2389381,Rotifer
E19006161zoo,F,161,Keratella.quadrata,149.7333333,30.79646018,Rotifer
E19006161zoo,F,161,Chydorus,263.4333333,15.39823009,SmCladocera
E19006161zoo,F,161,Cyclopoida,349.75,10.26548673,Cyclopoid
E19006161zoo,F,161,Ceriodaphnia,391.6285714,107.7876106,LgCladocera
E19006161zoo,F,161,Calanoida,583.6,20.53097345,Calanoid
E19006168zoo,F,168,Nauplii,141.964,177.7876106,Nauplii
E19006168zoo,F,168,Keratella.cochlearis,146.5,17.34513274,Rotifer
E19006168zoo,F,168,Keratella.quadrata,149.4,4.336283186,Rotifer
E19006168zoo,F,168,Chydorus,267.85,8.672566372,SmCladocera
E19006168zoo,F,168,Cyclopoida,320.4571429,30.3539823,Cyclopoid
E19006168zoo,F,168,Ceriodaphnia,378.975,34.69026549,LgCladocera
E19006168zoo,F,168,Calanoida,1235.3,4.336283186,Calanoid
E19006170zoo,F,170,Keratella.cochlearis,87,4.690265487,Rotifer
E19006170zoo,F,170,Pompholyx,104.5,1.563421829,Rotifer
E19006170zoo,F,170,Keratella.quadrata,114.6,3.126843658,Rotifer
E19006170zoo,F,170,Nauplii,150.8416667,18.76106195,Nauplii
E19006170zoo,F,170,Chydorus,214.275,6.253687316,SmCladocera
E19006170zoo,F,170,Ceriodaphnia,348.6,53.15634218,LgCladocera
E19006170zoo,F,170,Cyclopoida,354.02,7.817109145,Cyclopoid
E19006170zoo,F,170,Daphnia,423.4,1.563421829,LgCladocera
E19006179zoo,F,179,Keratella.cochlearis,140.05,5.752212389,Rotifer
E19006179zoo,F,179,Keratella.quadrata,158,8.628318584,Rotifer
E19006179zoo,F,179,Nauplii,178.9263158,54.6460177,Nauplii
E19006179zoo,F,179,Conochilus,185.5,2.876106195,Rotifer
E19006179zoo,F,179,Trichocerca,190.5,2.876106195,Rotifer
E19006179zoo,F,179,Cyclopoida,358.7,8.628318584,Cyclopoid
E19006179zoo,F,179,Ceriodaphnia,432.6375,46.01769912,LgCladocera
E19006179zoo,F,179,Calanoida,626.72,28.76106195,Calanoid
E19006179zoo,F,179,Daphnia,710.1857143,20.13274336,LgCladocera
E19006182zoo,F,182,Polyarthra,98.6,15.13274336,Rotifer
E19006182zoo,F,182,Nauplii,138.1230769,65.57522124,Nauplii
E19006182zoo,F,182,Keratella.cochlearis,149.9,10.08849558,Rotifer
E19006182zoo,F,182,Chydorus,250.3125,40.3539823,SmCladocera
E19006182zoo,F,182,Ceriodaphnia,352.672,418.6725664,LgCladocera
E19006182zoo,F,182,Cyclopoida,399.375,20.17699115,Cyclopoid
E19006182zoo,F,182,Daphnia,640.96,25.22123894,LgCladocera
E19006182zoo,F,182,Calanoida,816.4090909,55.48672566,Calanoid
E19006196zoo,F,196,Lecane,55,3.480825959,Rotifer
E19006196zoo,F,196,Nauplii,163.9190476,73.09734513,Nauplii
E19006196zoo,F,196,Trichocerca,169.9375,27.84660767,Rotifer
E19006196zoo,F,196,Chydorus,222.42,100.9439528,SmCladocera
E19006196zoo,F,196,Camptocercus,363.45,6.961651917,LgCladocera
E19006196zoo,F,196,Cyclopoida,475.34,17.40412979,Cyclopoid
E19006196zoo,F,196,Diaphanosoma,620.85,6.961651917,LgCladocera
E19006196zoo,F,196,Simocephalus,636.85,6.961651917,LgCladocera
E19006204zoo,F,204,Nauplii,189.0666667,2.230088496,Nauplii
E19006204zoo,F,204,Platyias,208.2,0.743362832,Rotifer
E19006204zoo,F,204,Chydorus,257.26,18.5840708,SmCladocera
E19006204zoo,F,204,Ceriodaphnia,301.1333333,2.230088496,LgCladocera
E19006204zoo,F,204,Camptocercus,347.5333333,4.460176991,LgCladocera
E19006204zoo,F,204,Cyclopoida,719.175,2.973451327,Cyclopoid
E19006204zoo,F,204,Simocephalus,979.5,0.743362832,LgCladocera
